name,element,GW,assists,bonus,goals_scored,minutes,own_goals,saves,selected,transfers_balance,yellow_cards,value,total_points,mean_reversion
Aaron Ramsey,675,2,0,0,0,0,0,0,0.0,92,0,5.0,0,0.0
Aaron Ramsey,675,3,0,0,0,22,0,0,0.0,702,0,5.0,1,0.0
Aaron Ramsey,675,4,0,0,0,22,0,0,0.0,476,0,5.0,1,0.0
Aaron Ramsey,675,5,0,0,0,22,0,0,0.0,640,0,5.0,1,0.08333333333333337
Abdoulaye Doucouré,249,1,0,0,0,90,0,0,0.2,-626,0,5.5,2,0.0
Abdoulaye Doucouré,249,2,0,0,0,180,0,0,0.2,-2565,0,5.5,4,0.0
Abdoulaye Doucouré,249,3,0,0,0,270,0,0,0.2,-3570,0,5.5,6,0.0
Abdoulaye Doucouré,249,4,0,2,1,360,0,0,0.2,-2692,1,5.5,14,2.5
Abdoulaye Doucouré,249,5,0,2,1,439,0,0,0.2,-3995,1,5.5,16,0.40000000000000036
Adam Lallana,138,1,0,0,0,0,0,0,0.1,-1170,0,5.0,0,0.0
Adam Lallana,138,2,0,0,0,9,0,0,0.1,-1962,0,4.9,1,0.0
Adam Lallana,138,3,0,0,0,39,0,0,0.1,-2196,0,4.9,2,0.0
Adam Lallana,138,4,0,0,0,48,0,0,0.1,-2656,1,4.9,2,0.25
Adam Lallana,138,5,0,0,0,111,0,0,0.1,-2539,1,4.9,5,0.33333333333333326
Adama Traoré,662,2,0,0,0,4,0,0,0.0,1389,0,5.0,1,0.0
Adama Traoré,662,3,0,0,0,23,0,0,0.0,1577,0,5.0,2,0.0
Adama Traoré,662,4,0,0,0,32,0,0,0.1,2318,0,5.0,3,0.0
Adama Traoré,662,5,0,0,0,32,0,0,0.1,2691,0,5.0,3,0.25
Albert Sambi Lokonga,21,1,0,0,0,0,0,0,0.0,-142,0,5.0,0,0.0
Albert Sambi Lokonga,21,2,0,0,0,0,0,0,0.0,-421,0,5.0,0,0.0
Albert Sambi Lokonga,21,3,0,0,0,0,0,0,0.0,-539,0,4.9,0,0.0
Albert Sambi Lokonga,21,4,0,0,0,0,0,0,0.0,-646,0,4.9,0,0.0
Albert Sambi Lokonga,21,5,0,0,0,74,0,0,0.0,-598,0,4.9,2,0.4
Alejandro Garnacho,382,1,0,0,0,67,0,0,2.7,-3511,0,5.0,3,0.0
Alejandro Garnacho,382,2,0,0,0,132,0,0,2.3,-35312,0,5.0,5,0.0
Alejandro Garnacho,382,3,0,0,0,132,0,0,1.9,-65585,0,4.9,5,0.0
Alejandro Garnacho,382,4,0,0,0,138,0,0,1.6,-97336,0,4.9,6,0.41666666666666696
Alejandro Garnacho,382,5,0,0,0,143,0,0,1.5,-104027,0,4.9,7,-0.13333333333333286
Alex Iwobi,256,1,0,0,0,90,0,0,0.9,-3904,0,5.5,2,0.0
Alex Iwobi,256,2,0,0,0,140,0,0,0.7,-21419,0,5.5,3,0.0
Alex Iwobi,256,3,0,0,0,140,0,0,0.5,-38668,0,5.4,3,0.0
Alex Iwobi,256,4,0,0,0,140,0,0,0.3,-50633,0,5.4,3,0.08333333333333348
Alex Iwobi,256,5,0,0,0,168,0,0,0.3,-52655,0,5.4,4,0.0
Alex Matos,718,5,0,0,0,0,0,0,0.0,25,0,4.5,0,0.0
Alex Mighten,456,1,0,0,0,0,0,0,0.0,-176,0,4.5,0,0.0
Alex Mighten,456,2,0,0,0,0,0,0,0.0,-584,0,4.5,0,0.0
Alex Mighten,456,3,0,0,0,0,0,0,0.0,-694,0,4.4,0,0.0
Alex Mighten,456,4,0,0,0,0,0,0,0.0,-757,0,4.4,0,0.0
Alex Mighten,456,5,0,0,0,0,0,0,0.0,-1227,0,4.4,0,0.0
Alex Scott,644,1,0,0,0,0,0,0,0.0,-37,0,5.0,0,0.0
Alex Scott,644,2,0,0,0,0,0,0,0.0,-313,0,5.0,0,0.0
Alex Scott,644,3,0,0,0,0,0,0,0.0,-430,0,5.0,0,0.0
Alex Scott,644,4,0,0,0,0,0,0,0.0,-547,0,5.0,0,0.0
Alex Scott,644,5,0,0,0,0,0,0,0.0,-613,0,5.0,0,0.0
Alexis Mac Allister,304,1,0,0,0,90,0,0,11.8,-31549,1,6.0,1,0.0
Alexis Mac Allister,304,2,0,0,0,147,0,0,7.1,-420160,1,6.0,-1,0.0
Alexis Mac Allister,304,3,0,0,0,223,0,0,6.2,-508756,1,6.0,1,0.0
Alexis Mac Allister,304,4,0,0,0,309,0,0,5.3,-592819,1,6.0,4,0.9166666666666667
Alexis Mac Allister,304,5,0,0,0,354,0,0,4.7,-645951,2,5.9,4,0.4666666666666668
Allan Campbell,319,1,0,0,0,0,0,0,0.0,-513,0,5.0,0,0.0
Allan Campbell,319,2,0,0,0,0,0,0,0.0,-1369,0,4.9,0,0.0
Allan Campbell,319,3,0,0,0,0,0,0,0.0,-1702,0,4.9,0,0.0
Allan Campbell,319,4,0,0,0,0,0,0,0.0,-2455,0,4.9,0,0.0
Allan Campbell,319,5,0,0,0,0,0,0,0.0,-2840,0,4.9,0,0.0
Allan Saint-Maximin,426,1,0,0,0,0,0,0,0.1,-2660,0,6.0,0,0.0
Allan Saint-Maximin,426,2,0,0,0,0,0,0,0.0,-4096,0,6.0,0,0.0
Allan Saint-Maximin,426,3,0,0,0,0,0,0,0.0,-4475,0,6.0,0,0.0
Allan Saint-Maximin,426,4,0,0,0,0,0,0,0.0,-4870,0,6.0,0,0.0
Allan Saint-Maximin,426,5,0,0,0,0,0,0,0.0,-4972,0,6.0,0,0.0
Amad Diallo,371,1,0,0,0,0,0,0,0.0,-649,0,4.5,0,0.0
Amad Diallo,371,2,0,0,0,0,0,0,0.0,-1402,0,4.5,0,0.0
Amad Diallo,371,3,0,0,0,0,0,0,0.0,-1719,0,4.5,0,0.0
Amad Diallo,371,4,0,0,0,0,0,0,0.0,-2009,0,4.4,0,0.0
Amad Diallo,371,5,0,0,0,0,0,0,0.0,-2140,0,4.4,0,0.0
Amadou Onana,261,1,0,0,0,90,0,0,0.3,-782,0,5.0,2,0.0
Amadou Onana,261,2,0,0,0,180,0,0,0.2,-3528,0,5.0,4,0.0
Amadou Onana,261,3,0,0,0,270,0,0,0.2,-5008,0,4.9,6,0.0
Amadou Onana,261,4,0,0,0,360,0,0,0.2,-6405,0,4.9,8,1.0
Amadou Onana,261,5,0,0,0,450,0,0,0.2,-7624,0,4.9,10,0.0
Anass Zaroury,184,1,0,0,0,30,0,0,0.1,-2934,0,5.0,-2,0.0
Anass Zaroury,184,2,0,0,0,30,0,0,0.1,-6417,0,4.9,-2,0.0
Anass Zaroury,184,3,0,0,0,30,0,0,0.1,-7553,0,4.9,-2,0.0
Anass Zaroury,184,4,0,0,0,30,0,0,0.0,-8412,0,4.9,-2,0.0
Anass Zaroury,184,5,0,0,0,57,0,0,0.0,-8712,0,4.9,-1,0.19999999999999996
Andre Brooks,655,1,0,0,0,3,0,0,0.0,479,0,4.5,1,0.0
Andre Brooks,655,2,0,0,0,19,0,0,0.0,1173,0,4.5,2,0.0
Andre Brooks,655,3,0,0,0,19,0,0,0.0,1116,0,4.5,2,0.0
Andre Brooks,655,4,0,0,0,19,0,0,0.0,1084,0,4.5,2,0.08333333333333326
Andre Brooks,655,5,0,0,0,19,0,0,0.0,1166,0,4.5,2,-0.19999999999999996
Andreas Hoelgebaum Pereira,267,1,1,0,0,32,0,0,1.1,118,0,5.5,4,0.0
Andreas Hoelgebaum Pereira,267,2,1,0,0,99,0,0,1.0,-7315,0,5.5,6,0.0
Andreas Hoelgebaum Pereira,267,3,1,0,1,161,0,0,0.9,-15399,0,5.5,14,0.0
Andreas Hoelgebaum Pereira,267,4,1,0,1,251,0,0,1.0,-7338,1,5.5,15,1.75
Andreas Hoelgebaum Pereira,267,5,1,0,1,331,0,0,1.3,20858,1,5.5,18,-0.2666666666666657
Andrey Nascimento dos Santos,186,1,0,0,0,0,0,0,0.2,-648,0,4.5,0,0.0
Andrey Nascimento dos Santos,186,2,0,0,0,0,0,0,0.1,-2692,0,4.4,0,0.0
Andrey Nascimento dos Santos,186,3,0,0,0,0,0,0,0.1,-3346,0,4.4,0,0.0
Andrey Nascimento dos Santos,186,4,0,0,0,0,0,0,0.1,-4844,0,4.4,0,0.0
Andrey Nascimento dos Santos,186,5,0,0,0,0,0,0,0.1,-4953,0,4.4,0,0.0
André Tavares Gomes,244,1,0,0,0,0,0,0,0.3,-1101,0,4.5,0,0.0
André Tavares Gomes,244,2,0,0,0,0,0,0,0.2,-4495,0,4.5,0,0.0
André Tavares Gomes,244,3,0,0,0,0,0,0,0.2,-6332,0,4.4,0,0.0
André Tavares Gomes,244,4,0,0,0,0,0,0,0.2,-8323,0,4.4,0,0.0
André Tavares Gomes,244,5,0,0,0,0,0,0,0.2,-8986,0,4.4,0,0.0
Anis Slimane,587,1,0,0,0,10,0,0,0.1,-477,1,5.0,0,0.0
Anis Slimane,587,2,0,0,0,10,0,0,0.0,-2185,1,4.9,0,0.0
Anis Slimane,587,3,0,0,0,10,0,0,0.0,-2927,1,4.9,0,0.0
Anis Slimane,587,4,0,0,0,10,0,0,0.0,-3368,1,4.9,0,0.0
Anis Slimane,587,5,0,0,0,10,0,0,0.0,-3592,1,4.9,0,0.0
Anssumane Fati Vieira,700,4,0,0,0,0,0,0,0.4,30405,0,6.5,0,0.0
Anssumane Fati Vieira,700,5,0,0,0,26,0,0,0.5,41362,0,6.5,1,0.0
Anthony Elanga,378,1,1,0,0,10,0,0,0.8,11127,0,5.0,4,0.0
Anthony Elanga,378,2,1,0,0,31,0,0,0.8,13474,0,5.0,5,0.0
Anthony Elanga,378,3,1,0,0,40,0,0,0.7,2521,0,5.0,6,0.0
Anthony Elanga,378,4,1,1,1,85,0,0,0.8,9817,0,5.0,13,2.0
Anthony Elanga,378,5,1,1,1,175,0,0,0.7,2446,0,5.0,15,0.5999999999999996
Anthony Gordon,412,1,1,0,0,67,0,0,0.5,4935,1,5.5,4,0.0
Anthony Gordon,412,2,1,0,0,122,0,0,0.5,4232,2,5.5,4,0.0
Anthony Gordon,412,3,1,2,1,193,0,0,0.7,19838,2,5.5,14,0.0
Anthony Gordon,412,4,1,2,1,283,0,0,1.3,63293,3,5.5,15,1.916666666666667
Anthony Gordon,412,5,2,2,1,373,0,0,1.7,107348,4,5.5,20,0.40000000000000036
Anthony Knockaert,273,1,0,0,0,0,0,0,0.1,-409,0,4.5,0,0.0
Anthony Knockaert,273,2,0,0,0,0,0,0,0.1,-1636,0,4.5,0,0.0
Anthony Knockaert,273,3,0,0,0,0,0,0,0.1,-2133,0,4.4,0,0.0
Anthony Knockaert,273,4,0,0,0,0,0,0,0.1,-3215,0,4.4,0,0.0
Anthony Knockaert,273,5,0,0,0,0,0,0,0.1,-4205,0,4.4,0,0.0
Antony Matheus dos Santos,372,1,0,0,0,76,0,0,1.4,-4590,0,7.0,3,0.0
Antony Matheus dos Santos,372,2,0,0,0,141,0,0,1.2,-23227,1,7.0,4,0.0
Antony Matheus dos Santos,372,3,0,0,0,225,0,0,1.1,-33292,1,6.9,6,0.0
Antony Matheus dos Santos,372,4,0,0,0,308,0,0,0.9,-46994,1,6.8,8,0.916666666666667
Antony Matheus dos Santos,372,5,0,0,0,308,0,0,0.7,-69279,1,6.8,8,-0.20000000000000018
Arnaut Danjuma Groeneveld,601,1,0,0,0,18,0,0,0.2,-578,0,5.5,1,0.0
Arnaut Danjuma Groeneveld,601,2,0,0,0,70,0,0,0.2,-1788,0,5.5,2,0.0
Arnaut Danjuma Groeneveld,601,3,0,0,0,160,0,0,0.2,-1908,0,5.5,4,0.0
Arnaut Danjuma Groeneveld,601,4,0,0,1,250,0,0,0.2,1255,0,5.5,11,2.1666666666666665
Arnaut Danjuma Groeneveld,601,5,0,0,1,340,0,0,0.2,982,0,5.5,13,0.5333333333333332
Ben Doak,628,1,0,0,0,13,0,0,0.1,471,0,4.5,1,0.0
Ben Doak,628,2,0,0,0,13,0,0,0.1,367,0,4.5,1,0.0
Ben Doak,628,3,0,0,0,13,0,0,0.1,-8,0,4.5,1,0.0
Ben Doak,628,4,0,0,0,13,0,0,0.1,-464,0,4.5,1,0.0
Ben Doak,628,5,0,0,0,13,0,0,0.1,-604,0,4.5,1,0.0
Ben Osborn,489,1,0,0,0,86,0,0,0.0,-86,0,5.0,2,0.0
Ben Osborn,489,2,0,0,0,176,0,0,0.0,-398,1,5.0,3,0.0
Ben Osborn,489,3,0,0,0,192,0,0,0.0,-705,1,4.9,4,0.0
Ben Osborn,489,4,0,0,0,192,0,0,0.0,-1277,1,4.9,4,0.25
Ben Osborn,489,5,0,0,0,192,0,0,0.0,-1461,1,4.9,4,-0.2666666666666666
Ben Pearson,79,1,0,0,0,0,0,0,0.0,-26,0,4.5,0,0.0
Ben Pearson,79,2,0,0,0,0,0,0,0.0,-58,0,4.5,0,0.0
Ben Pearson,79,3,0,0,0,0,0,0,0.0,-68,0,4.5,0,0.0
Ben Pearson,79,4,0,0,0,0,0,0,0.0,-79,0,4.5,0,0.0
Ben Pearson,79,5,0,0,0,0,0,0,0.0,-83,0,4.5,0,0.0
Bernardo Veiga de Carvalho e Silva,344,1,0,0,0,90,0,0,5.1,-8378,0,6.5,3,0.0
Bernardo Veiga de Carvalho e Silva,344,2,0,0,0,90,0,0,2.5,-214206,0,6.4,3,0.0
Bernardo Veiga de Carvalho e Silva,344,3,0,0,0,180,0,0,2.1,-254977,0,6.4,5,0.0
Bernardo Veiga de Carvalho e Silva,344,4,0,0,0,194,0,0,1.9,-276808,1,6.4,5,0.3333333333333335
Bernardo Veiga de Carvalho e Silva,344,5,1,3,1,284,0,0,2.0,-265820,1,6.4,18,2.466666666666667
Bertrand Traoré,59,1,0,0,0,0,0,0,0.0,-607,0,5.0,0,0.0
Bertrand Traoré,59,2,0,0,0,0,0,0,0.0,-1073,0,5.0,0,0.0
Bertrand Traoré,59,3,0,0,0,9,0,0,0.0,-1102,0,5.0,1,0.0
Bertrand Traoré,59,4,0,0,0,9,0,0,0.0,-1383,0,5.0,1,0.16666666666666669
Bertrand Traoré,59,5,0,0,0,9,0,0,0.0,-1552,0,5.0,1,-0.06666666666666665
Billy Gilmour,133,1,0,0,0,16,0,0,0.1,-556,0,5.0,1,0.0
Billy Gilmour,133,2,0,0,0,106,0,0,0.1,-1420,0,5.0,3,0.0
Billy Gilmour,133,3,0,0,0,165,0,0,0.1,-1724,0,5.0,4,0.0
Billy Gilmour,133,4,2,2,0,241,0,0,0.2,6161,0,4.9,15,3.0833333333333335
Billy Gilmour,133,5,2,2,0,254,0,0,0.3,15283,0,4.9,16,0.4666666666666668
Bobby Clark,627,1,0,0,0,0,0,0,0.0,-10,0,4.5,0,0.0
Bobby Clark,627,2,0,0,0,0,0,0,0.0,-162,0,4.5,0,0.0
Bobby Clark,627,3,0,0,0,0,0,0,0.0,-215,0,4.5,0,0.0
Bobby Clark,627,4,0,0,0,0,0,0,0.0,-302,0,4.5,0,0.0
Bobby Clark,627,5,0,0,0,0,0,0,0.0,-310,0,4.5,0,0.0
Bobby De Cordova-Reid,270,1,0,0,1,45,0,0,0.2,2439,0,5.5,6,0.0
Bobby De Cordova-Reid,270,2,0,0,1,112,0,0,0.2,4044,0,5.5,8,0.0
Bobby De Cordova-Reid,270,3,0,0,1,200,0,0,0.2,1992,0,5.5,10,0.0
Bobby De Cordova-Reid,270,4,1,0,1,272,0,0,0.2,1488,1,5.5,14,1.5
Bobby De Cordova-Reid,270,5,1,0,1,281,0,0,0.2,3580,1,5.5,15,-0.06666666666666643
Boubacar Kamara,47,1,0,0,0,90,0,0,0.1,-65,0,5.0,2,0.0
Boubacar Kamara,47,2,0,0,0,180,0,0,0.1,-280,0,5.0,5,0.0
Boubacar Kamara,47,3,0,1,0,270,0,0,0.1,-434,0,5.0,8,0.0
Boubacar Kamara,47,4,0,1,0,360,0,0,0.1,-342,1,5.0,9,1.0
Boubacar Kamara,47,5,0,1,0,417,0,0,0.1,-326,1,5.0,10,-0.5333333333333332
Boubacar Traoré,574,1,0,0,0,0,0,0,0.5,-1521,0,4.5,0,0.0
Boubacar Traoré,574,2,0,0,0,0,0,0,0.5,-7614,0,4.5,0,0.0
Boubacar Traoré,574,3,0,0,0,0,0,0,0.4,-10885,0,4.4,0,0.0
Boubacar Traoré,574,4,0,0,0,16,0,0,0.4,-12351,0,4.4,1,0.25
Boubacar Traoré,574,5,0,0,0,28,0,0,0.5,-11413,0,4.4,2,0.26666666666666666
Braian Ojeda Rodríguez,459,1,0,0,0,0,0,0,0.0,-106,0,4.5,0,0.0
Braian Ojeda Rodríguez,459,2,0,0,0,0,0,0,0.0,-210,0,4.5,0,0.0
Braian Ojeda Rodríguez,459,3,0,0,0,0,0,0,0.0,-239,0,4.5,0,0.0
Braian Ojeda Rodríguez,459,4,0,0,0,0,0,0,0.0,-282,0,4.5,0,0.0
Braian Ojeda Rodríguez,459,5,0,0,0,0,0,0,0.0,-298,0,4.5,0,0.0
Brandon Aguilera Zamora,434,1,0,0,0,0,0,0,0.0,-314,0,4.5,0,0.0
Brandon Aguilera Zamora,434,2,0,0,0,0,0,0,0.0,-612,0,4.5,0,0.0
Brandon Aguilera Zamora,434,3,0,0,0,0,0,0,0.0,-714,0,4.5,0,0.0
Brandon Aguilera Zamora,434,4,0,0,0,0,0,0,0.0,-833,0,4.5,0,0.0
Brandon Aguilera Zamora,434,5,0,0,0,0,0,0,0.0,-900,0,4.5,0,0.0
Brennan Johnson,450,1,0,0,0,79,0,0,0.7,-428,0,6.0,2,0.0
Brennan Johnson,450,2,0,0,0,169,0,0,0.6,-4639,0,6.0,4,0.0
Brennan Johnson,450,3,0,0,0,238,0,0,0.5,-12016,0,5.9,6,0.0
Brennan Johnson,450,4,0,0,0,238,0,0,0.5,-16701,0,5.9,6,0.5
Brennan Johnson,450,5,0,0,0,248,0,0,0.5,-19128,0,5.9,7,-0.33333333333333304
Bruno Borges Fernandes,373,1,0,0,0,90,0,0,27.1,-7341,0,8.5,3,0.0
Bruno Borges Fernandes,373,2,0,0,0,180,0,0,23.0,-313283,1,8.5,4,0.0
Bruno Borges Fernandes,373,3,1,3,1,270,0,0,22.3,-369401,2,8.5,16,0.0
Bruno Borges Fernandes,373,4,1,3,1,360,0,0,21.4,-450491,2,8.4,18,2.583333333333333
Bruno Borges Fernandes,373,5,1,3,1,450,0,0,20.3,-560351,3,8.4,19,-0.6666666666666661
Bruno Cavaco Jordão,561,1,0,0,0,0,0,0,0.2,-806,0,4.5,0,0.0
Bruno Cavaco Jordão,561,2,0,0,0,0,0,0,0.2,-3149,0,4.5,0,0.0
Bruno Cavaco Jordão,561,3,0,0,0,0,0,0,0.2,-4507,0,4.4,0,0.0
Bruno Cavaco Jordão,561,4,0,0,0,0,0,0,0.2,-5341,0,4.4,0,0.0
Bruno Cavaco Jordão,561,5,0,0,0,0,0,0,0.2,-5272,0,4.4,0,0.0
Bruno Guimarães Rodriguez Moura,406,1,0,0,0,84,0,0,3.3,-18896,1,6.0,1,0.0
Bruno Guimarães Rodriguez Moura,406,2,0,0,0,174,0,0,2.9,-53031,2,6.0,2,0.0
Bruno Guimarães Rodriguez Moura,406,3,0,0,0,264,0,0,2.7,-73146,2,5.9,4,0.0
Bruno Guimarães Rodriguez Moura,406,4,0,0,0,354,0,0,2.4,-102703,2,5.9,6,0.9166666666666665
Bruno Guimarães Rodriguez Moura,406,5,0,0,0,444,0,0,2.3,-111412,3,5.8,8,0.20000000000000018
Bryan Gil Salvatierra,494,1,0,0,0,0,0,0,0.0,-94,0,5.0,0,0.0
Bryan Gil Salvatierra,494,2,0,0,0,0,0,0,0.0,-170,0,5.0,0,0.0
Bryan Gil Salvatierra,494,3,0,0,0,0,0,0,0.0,-212,0,5.0,0,0.0
Bryan Gil Salvatierra,494,4,0,0,0,0,0,0,0.0,-251,0,4.9,0,0.0
Bryan Gil Salvatierra,494,5,0,0,0,0,0,0,0.0,-267,0,4.9,0,0.0
Bryan Mbeumo,108,1,0,0,1,90,0,0,9.7,89667,0,6.5,7,0.0
Bryan Mbeumo,108,2,0,3,3,180,0,0,20.5,1017039,0,6.7,23,0.0
Bryan Mbeumo,108,3,0,3,3,270,0,0,24.8,1435966,0,6.7,25,0.0
Bryan Mbeumo,108,4,0,4,4,360,0,0,27.1,1666965,0,6.8,33,3.666666666666668
Bryan Mbeumo,108,5,0,4,4,450,0,0,28.8,1839482,0,6.9,35,-2.3999999999999986
Bukayo Saka,19,1,0,3,1,90,0,0,63.4,250473,0,8.6,10,0.0
Bukayo Saka,19,2,0,3,1,178,0,0,66.4,538054,0,8.6,13,0.0
Bukayo Saka,19,3,0,4,2,268,0,0,66.6,592756,0,8.7,21,0.0
Bukayo Saka,19,4,1,4,2,358,0,0,65.6,557376,1,8.7,25,2.583333333333334
Bukayo Saka,19,5,2,4,2,448,0,0,64.9,508197,1,8.7,31,0.33333333333333215
Callum Hudson-Odoi,205,1,0,0,0,0,0,0,0.1,-393,0,5.0,0,0.0
Callum Hudson-Odoi,205,2,0,0,0,0,0,0,0.0,-1143,0,4.9,0,0.0
Callum Hudson-Odoi,205,3,0,0,0,0,0,0,0.0,-1492,0,4.9,0,0.0
Callum Hudson-Odoi,205,4,0,0,0,0,0,0,0.0,-1233,0,4.9,0,0.0
Callum Hudson-Odoi,205,5,0,3,1,70,0,0,0.1,876,0,4.9,10,2.0
Carlos Baleba,690,4,0,0,0,0,0,0,0.0,616,0,4.5,0,0.0
Carlos Baleba,690,5,0,0,0,0,0,0,0.0,933,0,4.5,0,0.0
Carlos Henrique Casimiro,376,1,0,0,0,90,0,0,4.8,-11366,0,5.5,3,0.0
Carlos Henrique Casimiro,376,2,0,0,0,180,0,0,4.2,-65142,0,5.5,5,0.0
Carlos Henrique Casimiro,376,3,0,0,1,270,0,0,4.1,-81945,0,5.5,12,0.0
Carlos Henrique Casimiro,376,4,0,0,1,360,0,0,3.9,-105942,0,5.4,14,1.833333333333333
Carlos Henrique Casimiro,376,5,0,0,1,423,0,0,3.7,-124191,0,5.4,16,-0.3333333333333339
Carlos Mendes Gomes,325,1,0,0,0,0,0,0,0.0,-382,0,4.5,0,0.0
Carlos Mendes Gomes,325,2,0,0,0,0,0,0,0.0,-772,0,4.5,0,0.0
Carlos Mendes Gomes,325,3,0,0,0,0,0,0,0.0,-913,0,4.5,0,0.0
Carlos Mendes Gomes,325,4,0,0,0,0,0,0,0.0,-1086,0,4.5,0,0.0
Carlos Mendes Gomes,325,5,0,0,0,0,0,0,0.0,-1166,0,4.5,0,0.0
Carney Chukwuemeka,196,1,0,0,0,80,0,0,3.1,3701,1,4.5,1,0.0
Carney Chukwuemeka,196,2,0,0,1,125,0,0,2.6,-33213,2,4.5,6,0.0
Carney Chukwuemeka,196,3,0,0,1,125,0,0,1.9,-94069,2,4.5,6,0.0
Carney Chukwuemeka,196,4,0,0,1,125,0,0,1.4,-138013,2,4.4,6,0.41666666666666696
Carney Chukwuemeka,196,5,0,0,1,125,0,0,1.2,-157254,2,4.4,6,-1.0
Cheick Doucouré,223,1,0,0,0,90,0,0,0.1,285,0,5.0,3,0.0
Cheick Doucouré,223,2,0,0,0,180,0,0,0.1,893,1,5.0,4,0.0
Cheick Doucouré,223,3,0,0,0,270,0,0,0.1,735,1,5.0,6,0.0
Cheick Doucouré,223,4,0,0,0,360,0,0,0.1,602,1,5.0,8,0.916666666666667
Cheick Doucouré,223,5,0,0,0,450,0,0,0.1,682,1,5.0,10,0.20000000000000018
Cheikhou Kouyaté,451,1,0,0,0,1,0,0,0.0,-171,0,5.0,1,0.0
Cheikhou Kouyaté,451,2,0,0,0,2,0,0,0.0,-491,0,5.0,2,0.0
Cheikhou Kouyaté,451,3,0,0,0,22,0,0,0.0,-638,1,4.9,2,0.0
Cheikhou Kouyaté,451,4,0,0,0,39,0,0,0.0,-804,1,4.9,3,0.33333333333333326
Cheikhou Kouyaté,451,5,0,0,0,39,0,0,0.0,-876,1,4.9,3,-0.1333333333333333
Christian Eriksen,379,1,0,0,0,22,0,0,0.5,-2820,0,6.0,1,0.0
Christian Eriksen,379,2,0,0,0,46,0,0,0.5,-10556,0,5.9,2,0.0
Christian Eriksen,379,3,0,2,1,136,0,0,0.5,-10978,0,5.9,11,0.0
Christian Eriksen,379,4,1,4,1,226,0,0,0.6,-7566,0,5.9,18,3.333333333333333
Christian Eriksen,379,5,1,4,1,316,0,0,0.6,-1373,0,5.9,20,0.06666666666666643
Christian Nørgaard,110,1,0,0,0,71,0,0,0.2,-393,0,5.5,2,0.0
Christian Nørgaard,110,2,0,0,0,149,0,0,0.1,-1403,0,5.5,5,0.0
Christian Nørgaard,110,3,1,0,0,239,0,0,0.2,-1505,0,5.5,10,0.0
Christian Nørgaard,110,4,1,0,0,329,0,0,0.2,-1816,0,5.5,12,1.583333333333333
Christian Nørgaard,110,5,1,0,0,400,0,0,0.1,-2433,1,5.5,13,-0.5999999999999996
Christian Pulisic,213,1,0,0,0,0,0,0,0.0,-159,0,5.5,0,0.0
Christian Pulisic,213,2,0,0,0,0,0,0,0.0,-272,0,5.5,0,0.0
Christian Pulisic,213,3,0,0,0,0,0,0,0.0,-308,0,5.5,0,0.0
Christian Pulisic,213,4,0,0,0,0,0,0,0.0,-342,0,5.5,0,0.0
Christian Pulisic,213,5,0,0,0,0,0,0,0.0,-355,0,5.5,0,0.0
Cole Palmer,362,1,0,0,0,10,0,0,0.2,-1274,0,5.0,1,0.0
Cole Palmer,362,2,0,0,0,10,0,0,0.2,283,0,5.0,1,0.0
Cole Palmer,362,3,0,0,0,10,0,0,0.2,-2651,0,5.0,1,0.0
Cole Palmer,362,4,0,0,0,38,0,0,0.2,-902,0,4.9,2,0.25
Cole Palmer,362,5,0,0,0,65,0,0,0.2,1107,0,4.9,3,0.26666666666666683
Conor Coventry,529,1,0,0,0,0,0,0,0.1,-273,0,4.5,0,0.0
Conor Coventry,529,2,0,0,0,0,0,0,0.1,-1168,0,4.5,0,0.0
Conor Coventry,529,3,0,0,0,0,0,0,0.1,-1782,0,4.5,0,0.0
Conor Coventry,529,4,0,0,0,0,0,0,0.1,-1945,0,4.4,0,0.0
Conor Coventry,529,5,0,0,0,0,0,0,0.1,-1854,0,4.4,0,0.0
Conor Gallagher,202,1,0,0,0,90,0,0,0.5,281,0,5.5,2,0.0
Conor Gallagher,202,2,0,0,0,164,0,0,0.5,11,0,5.5,4,0.0
Conor Gallagher,202,3,0,0,0,254,0,0,0.5,475,0,5.5,7,0.0
Conor Gallagher,202,4,0,0,0,315,0,0,0.4,-6086,1,5.5,8,0.916666666666667
Conor Gallagher,202,5,0,0,0,405,0,0,0.4,-9263,1,5.4,11,0.06666666666666732
Curtis Jones,300,1,0,0,0,24,0,0,0.1,-652,0,5.0,1,0.0
Curtis Jones,300,2,0,0,0,24,0,0,0.1,-4203,0,4.9,1,0.0
Curtis Jones,300,3,0,0,0,24,0,0,0.1,-6030,0,4.9,1,0.0
Curtis Jones,300,4,0,0,0,87,0,0,0.1,-6951,0,4.9,4,0.75
Curtis Jones,300,5,0,0,0,177,0,0,0.1,-7017,1,4.9,5,0.3999999999999999
Dango Ouattara,78,1,0,0,0,0,0,0,0.0,-949,0,5.0,0,0.0
Dango Ouattara,78,2,0,0,0,0,0,0,0.0,-2545,0,4.9,0,0.0
Dango Ouattara,78,3,0,0,0,0,0,0,0.0,-3079,0,4.9,0,0.0
Dango Ouattara,78,4,0,0,0,0,0,0,0.0,-3449,0,4.9,0,0.0
Dango Ouattara,78,5,0,0,0,62,0,0,0.0,-3577,0,4.8,3,0.6
Daniel Castelo Podence,568,1,0,0,0,0,0,0,0.1,-940,0,5.5,0,0.0
Daniel Castelo Podence,568,2,0,0,0,0,0,0,0.1,-3783,0,5.4,0,0.0
Daniel Castelo Podence,568,3,0,0,0,0,0,0,0.1,-4980,0,5.4,0,0.0
Daniel Castelo Podence,568,4,0,0,0,0,0,0,0.1,-6647,0,5.3,0,0.0
Daniel Castelo Podence,568,5,0,0,0,0,0,0,0.1,-8233,0,5.3,0,0.0
Daniel Gore,685,3,0,0,0,0,0,0,0.0,22,0,4.5,0,0.0
Daniel Gore,685,4,0,0,0,0,0,0,0.0,59,0,4.5,0,0.0
Daniel Gore,685,5,0,0,0,0,0,0,0.0,90,0,4.5,0,0.0
Danilo dos Santos de Oliveira,442,1,0,0,0,70,0,0,0.1,-369,0,5.5,2,0.0
Danilo dos Santos de Oliveira,442,2,0,0,0,160,0,0,0.1,-1450,0,5.5,4,0.0
Danilo dos Santos de Oliveira,442,3,0,0,0,240,0,0,0.1,-2495,0,5.5,6,0.0
Danilo dos Santos de Oliveira,442,4,0,0,0,285,0,0,0.1,-5152,0,5.4,7,0.75
Danilo dos Santos de Oliveira,442,5,0,0,0,285,0,0,0.1,-6340,0,5.3,7,-0.4666666666666668
Dara Costelloe,164,1,0,0,0,0,0,0,0.0,-202,0,4.5,0,0.0
Dara Costelloe,164,2,0,0,0,0,0,0,0.0,-1237,0,4.5,0,0.0
Dara Costelloe,164,3,0,0,0,0,0,0,0.0,-1656,0,4.5,0,0.0
Dara Costelloe,164,4,0,0,0,0,0,0,0.0,-2021,0,4.5,0,0.0
Dara Costelloe,164,5,0,0,0,0,0,0,0.0,-2195,0,4.5,0,0.0
Darko Churlinov,162,1,0,0,0,0,0,0,0.0,-202,0,4.5,0,0.0
Darko Churlinov,162,2,0,0,0,0,0,0,0.0,-712,0,4.5,0,0.0
Darko Churlinov,162,3,0,0,0,0,0,0,0.0,-965,0,4.5,0,0.0
Darko Churlinov,162,4,0,0,0,0,0,0,0.0,-1471,0,4.4,0,0.0
Darko Churlinov,162,5,0,0,0,0,0,0,0.0,-1704,0,4.4,0,0.0
David Brooks,64,1,0,0,0,74,0,0,0.1,-2,0,5.0,2,0.0
David Brooks,64,2,0,0,0,88,0,0,0.1,-1183,0,5.0,3,0.0
David Brooks,64,3,0,0,0,105,0,0,0.1,-2144,0,4.9,4,0.0
David Brooks,64,4,0,2,1,135,0,0,0.1,-1601,0,4.9,12,2.25
David Brooks,64,5,0,2,1,136,0,0,0.1,-271,0,4.9,13,0.4666666666666668
Declan Rice,540,1,0,0,0,90,0,0,6.3,-20288,0,5.5,2,0.0
Declan Rice,540,2,0,0,0,180,0,0,5.7,-72484,0,5.5,5,0.0
Declan Rice,540,3,0,0,0,270,0,0,5.2,-116425,0,5.5,7,0.0
Declan Rice,540,4,0,3,1,360,0,0,5.0,-143448,0,5.4,17,3.083333333333333
Declan Rice,540,5,0,3,1,450,0,0,5.2,-131139,0,5.4,20,0.5333333333333332
Dejan Kulusevski,501,1,0,0,0,90,0,0,1.4,-7222,0,7.0,2,0.0
Dejan Kulusevski,501,2,0,0,0,177,0,0,1.3,-14590,0,7.0,5,0.0
Dejan Kulusevski,501,3,0,0,1,267,0,0,1.5,-5248,0,7.0,13,0.0
Dejan Kulusevski,501,4,0,0,1,352,0,0,1.5,-6686,1,7.0,14,1.833333333333333
Dejan Kulusevski,501,5,0,3,2,442,0,0,1.5,-1665,1,7.0,24,0.9333333333333336
Dele Alli,248,1,0,0,0,0,0,0,0.0,-843,0,5.0,0,0.0
Dele Alli,248,2,0,0,0,0,0,0,0.0,-1684,0,4.9,0,0.0
Dele Alli,248,3,0,0,0,0,0,0,0.0,-1965,0,4.9,0,0.0
Dele Alli,248,4,0,0,0,0,0,0,0.0,-2266,0,4.9,0,0.0
Dele Alli,248,5,0,0,0,0,0,0,0.0,-2353,0,4.9,0,0.0
Demarai Gray,253,1,0,0,0,0,0,0,0.4,-3680,0,5.5,0,0.0
Demarai Gray,253,2,0,0,0,0,0,0,0.3,-11255,0,5.4,0,0.0
Demarai Gray,253,3,0,0,0,0,0,0,0.2,-14953,0,5.4,0,0.0
Demarai Gray,253,4,0,0,0,0,0,0,0.2,-19100,0,5.3,0,0.0
Demarai Gray,253,5,0,0,0,0,0,0,0.1,-23200,0,5.3,0,0.0
Diego Manuel Jadon da Silva Moreira,681,3,0,0,0,0,0,0,0.0,79,0,4.5,0,0.0
Diego Manuel Jadon da Silva Moreira,681,4,0,0,0,0,0,0,0.0,105,0,4.5,0,0.0
Diego Manuel Jadon da Silva Moreira,681,5,0,0,0,0,0,0,0.0,54,0,4.5,0,0.0
Diogo Teixeira da Silva,294,1,0,0,0,65,0,0,3.0,-3464,1,8.0,1,0.0
Diogo Teixeira da Silva,294,2,1,2,1,140,0,0,3.4,25822,1,8.0,13,0.0
Diogo Teixeira da Silva,294,3,2,2,1,172,0,0,3.3,16326,1,8.0,17,0.0
Diogo Teixeira da Silva,294,4,2,2,1,197,0,0,2.7,-37067,1,8.0,18,1.916666666666666
Diogo Teixeira da Silva,294,5,2,2,1,252,0,0,2.4,-67010,1,7.9,19,-2.4000000000000004
Dion Pereira,332,1,0,0,0,0,0,0,0.2,-1296,0,4.5,0,0.0
Dion Pereira,332,2,0,0,0,0,0,0,0.2,-4270,0,4.5,0,0.0
Dion Pereira,332,3,0,0,0,0,0,0,0.2,-5393,0,4.4,0,0.0
Dion Pereira,332,4,0,0,0,0,0,0,0.1,-8339,0,4.4,0,0.0
Dion Pereira,332,5,0,0,0,0,0,0,0.1,-10161,0,4.4,0,0.0
Dominik Szoboszlai,309,1,0,0,0,90,0,0,3.8,-8322,0,7.0,2,0.0
Dominik Szoboszlai,309,2,1,0,0,180,0,0,4.0,1026,0,7.0,7,0.0
Dominik Szoboszlai,309,3,1,0,0,270,0,0,4.0,-10963,0,7.0,9,0.0
Dominik Szoboszlai,309,4,1,2,1,360,0,0,4.4,16366,0,7.0,19,3.25
Dominik Szoboszlai,309,5,1,2,1,450,0,0,5.1,73892,0,7.0,21,-0.06666666666666643
Donny van de Beek,400,1,0,0,0,0,0,0,0.1,-399,0,5.0,0,0.0
Donny van de Beek,400,2,0,0,0,0,0,0,0.1,-1287,0,4.9,0,0.0
Donny van de Beek,400,3,0,0,0,0,0,0,0.0,-1645,0,4.9,0,0.0
Donny van de Beek,400,4,0,0,0,0,0,0,0.0,-2137,0,4.8,0,0.0
Donny van de Beek,400,5,0,0,0,0,0,0,0.0,-2237,0,4.8,0,0.0
Douglas Luiz Soares de Paulo,43,1,0,0,0,90,0,0,2.8,-17578,1,5.5,1,0.0
Douglas Luiz Soares de Paulo,43,2,0,0,1,153,0,0,2.5,-37405,2,5.5,8,0.0
Douglas Luiz Soares de Paulo,43,3,0,0,1,238,0,0,2.3,-49503,2,5.5,10,0.0
Douglas Luiz Soares de Paulo,43,4,0,0,1,309,0,0,2.0,-77025,2,5.4,12,1.416666666666667
Douglas Luiz Soares de Paulo,43,5,0,3,2,399,0,0,1.9,-78823,2,5.4,22,0.5999999999999996
Dwight McNeil,259,1,0,0,0,0,0,0,0.1,-1823,0,5.5,0,0.0
Dwight McNeil,259,2,0,0,0,0,0,0,0.1,-3903,0,5.4,0,0.0
Dwight McNeil,259,3,0,0,0,0,0,0,0.0,-4596,0,5.4,0,0.0
Dwight McNeil,259,4,0,0,0,15,0,0,0.0,-4976,0,5.4,1,0.25
Dwight McNeil,259,5,0,0,0,102,0,0,0.0,-4906,0,5.4,3,0.46666666666666673
Eberechi Eze,226,1,0,0,0,90,0,0,16.0,-75225,0,6.5,3,0.0
Eberechi Eze,226,2,0,0,0,180,0,0,12.9,-299825,0,6.4,5,0.0
Eberechi Eze,226,3,0,0,0,270,0,0,11.2,-448719,0,6.4,7,0.0
Eberechi Eze,226,4,0,1,1,360,0,0,9.8,-567671,0,6.3,15,2.5
Eberechi Eze,226,5,0,1,1,450,0,0,9.0,-644675,1,6.3,16,0.1999999999999993
Edson Álvarez Velázquez,642,1,0,0,0,0,0,0,0.1,-1336,0,5.0,0,0.0
Edson Álvarez Velázquez,642,2,0,0,0,9,0,0,0.1,-1949,0,5.0,1,0.0
Edson Álvarez Velázquez,642,3,0,0,0,92,0,0,0.1,-1592,1,5.0,2,0.0
Edson Álvarez Velázquez,642,4,0,0,0,182,0,0,0.1,-700,1,5.0,4,0.75
Edson Álvarez Velázquez,642,5,0,0,0,249,0,0,0.1,-1369,2,5.0,5,0.06666666666666643
Elliot Anderson,403,1,0,0,0,1,0,0,5.9,-18385,0,4.5,1,0.0
Elliot Anderson,403,2,0,0,0,24,0,0,4.9,-90875,0,4.5,2,0.0
Elliot Anderson,403,3,0,0,0,32,0,0,4.3,-137434,0,4.4,3,0.0
Elliot Anderson,403,4,0,0,0,64,0,0,3.7,-190610,0,4.4,4,0.5
Elliot Anderson,403,5,0,0,0,154,0,0,3.3,-226194,0,4.4,7,0.3999999999999999
Elliot Thorpe,337,1,0,0,0,0,0,0,0.0,-109,0,4.5,0,0.0
Elliot Thorpe,337,2,0,0,0,0,0,0,0.0,-305,0,4.5,0,0.0
Elliot Thorpe,337,3,0,0,0,0,0,0,0.0,-366,0,4.5,0,0.0
Elliot Thorpe,337,4,0,0,0,0,0,0,0.0,-432,0,4.5,0,0.0
Elliot Thorpe,337,5,0,0,0,0,0,0,0.0,-459,0,4.5,0,0.0
Emile Smith Rowe,22,1,0,0,0,0,0,0,0.2,-1930,0,5.5,0,0.0
Emile Smith Rowe,22,2,0,0,0,0,0,0,0.2,-4639,0,5.4,0,0.0
Emile Smith Rowe,22,3,0,0,0,0,0,0,0.1,-5965,0,5.4,0,0.0
Emile Smith Rowe,22,4,0,0,0,0,0,0,0.1,-7579,0,5.3,0,0.0
Emile Smith Rowe,22,5,0,0,0,0,0,0,0.1,-8102,0,5.3,0,0.0
Emiliano Buendía Stati,35,1,0,0,0,0,0,0,0.1,-6786,0,6.0,0,0.0
Emiliano Buendía Stati,35,2,0,0,0,0,0,0,0.1,-12527,0,5.9,0,0.0
Emiliano Buendía Stati,35,3,0,0,0,0,0,0,0.1,-13874,0,5.8,0,0.0
Emiliano Buendía Stati,35,4,0,0,0,0,0,0,0.1,-15054,0,5.8,0,0.0
Emiliano Buendía Stati,35,5,0,0,0,0,0,0,0.0,-15420,0,5.8,0,0.0
Emiliano Marcondes,74,1,0,0,0,0,0,0,0.0,-160,0,4.5,0,0.0
Emiliano Marcondes,74,2,0,0,0,0,0,0,0.0,-1008,0,4.5,0,0.0
Emiliano Marcondes,74,3,0,0,0,0,0,0,0.0,-1397,0,4.5,0,0.0
Emiliano Marcondes,74,4,0,0,0,0,0,0,0.0,-1763,0,4.4,0,0.0
Emiliano Marcondes,74,5,0,0,0,0,0,0,0.0,-1895,0,4.4,0,0.0
Enock Agyei,156,1,0,0,0,0,0,0,0.2,-867,0,4.5,0,0.0
Enock Agyei,156,2,0,0,0,0,0,0,0.2,-3212,0,4.5,0,0.0
Enock Agyei,156,3,0,0,0,0,0,0,0.1,-4346,0,4.5,0,0.0
Enock Agyei,156,4,0,0,0,0,0,0,0.1,-5631,0,4.4,0,0.0
Enock Agyei,156,5,0,0,0,0,0,0,0.1,-6105,0,4.4,0,0.0
Enso González,698,4,0,0,0,0,0,0,0.0,66,0,5.0,0,0.0
Enso González,698,5,0,0,0,0,0,0,0.0,101,0,5.0,0,0.0
Enzo Fernández,199,1,0,0,0,90,0,0,4.2,21270,1,5.0,1,0.0
Enzo Fernández,199,2,0,0,0,180,0,0,4.6,37135,1,5.0,1,0.0
Enzo Fernández,199,3,0,0,0,270,0,0,4.4,16494,2,5.0,3,0.0
Enzo Fernández,199,4,0,0,0,360,0,0,4.1,-22637,2,5.0,5,0.8333333333333333
Enzo Fernández,199,5,0,0,0,440,0,0,3.9,-43427,2,5.0,8,0.6000000000000001
Ethan Brierley,684,3,0,0,0,0,0,0,0.0,47,0,4.5,0,0.0
Ethan Brierley,684,4,0,0,0,0,0,0,0.0,226,0,4.5,0,0.0
Ethan Brierley,684,5,0,0,0,0,0,0,0.0,270,0,4.5,0,0.0
Fabio Henrique Tavares,296,1,0,0,0,0,0,0,0.0,-467,0,5.0,0,0.0
Fabio Henrique Tavares,296,2,0,0,0,0,0,0,0.0,-794,0,5.0,0,0.0
Fabio Henrique Tavares,296,3,0,0,0,0,0,0,0.0,-877,0,5.0,0,0.0
Fabio Henrique Tavares,296,4,0,0,0,0,0,0,0.0,-973,0,5.0,0,0.0
Fabio Henrique Tavares,296,5,0,0,0,0,0,0,0.0,-1003,0,5.0,0,0.0
Facundo Buonanotte,125,1,0,0,0,0,0,0,0.1,-464,0,5.0,0,0.0
Facundo Buonanotte,125,2,0,0,0,0,0,0,0.0,-1562,0,4.9,0,0.0
Facundo Buonanotte,125,3,0,0,0,0,0,0,0.0,-2032,0,4.9,0,0.0
Facundo Buonanotte,125,4,0,0,0,0,0,0,0.0,-2501,0,4.8,0,0.0
Facundo Buonanotte,125,5,0,0,0,0,0,0,0.0,-2690,0,4.8,0,0.0
Facundo Pellistri Rebollo,394,1,0,0,0,13,0,0,0.1,-284,0,4.5,1,0.0
Facundo Pellistri Rebollo,394,2,0,0,0,18,0,0,0.1,-1052,0,4.5,2,0.0
Facundo Pellistri Rebollo,394,3,0,0,0,18,0,0,0.1,-1894,0,4.5,2,0.0
Facundo Pellistri Rebollo,394,4,0,0,0,18,0,0,0.1,-2272,0,4.4,2,0.08333333333333326
Facundo Pellistri Rebollo,394,5,0,0,0,23,0,0,0.2,1862,0,4.4,3,0.0
Flynn Downes,531,1,0,0,0,0,0,0,0.0,-193,0,5.0,0,0.0
Flynn Downes,531,2,0,0,0,0,0,0,0.0,-633,0,5.0,0,0.0
Flynn Downes,531,3,0,0,0,0,0,0,0.0,-1094,0,5.0,0,0.0
Flynn Downes,531,4,0,0,0,0,0,0,0.0,-1459,0,5.0,0,0.0
Flynn Downes,531,5,0,0,0,0,0,0,0.0,-1566,0,5.0,0,0.0
Francisco Jorge Tomás Oliveira,549,1,0,0,0,0,0,0,0.0,-208,0,4.5,0,0.0
Francisco Jorge Tomás Oliveira,549,2,0,0,0,0,0,0,0.0,-392,0,4.5,0,0.0
Francisco Jorge Tomás Oliveira,549,3,0,0,0,0,0,0,0.0,-466,0,4.5,0,0.0
Francisco Jorge Tomás Oliveira,549,4,0,0,0,0,0,0,0.0,-551,0,4.5,0,0.0
Francisco Jorge Tomás Oliveira,549,5,0,0,0,0,0,0,0.0,-584,0,4.5,0,0.0
Frank Onyeka,111,1,0,0,0,0,0,0,0.0,-154,0,5.0,0,0.0
Frank Onyeka,111,2,0,0,0,0,0,0,0.0,-144,0,4.9,0,0.0
Frank Onyeka,111,3,0,0,0,18,0,0,0.0,-172,0,4.9,1,0.0
Frank Onyeka,111,4,0,0,0,37,0,0,0.0,-225,0,4.9,2,0.4166666666666667
Frank Onyeka,111,5,0,0,0,55,0,0,0.0,-233,0,4.9,3,0.19999999999999996
Fred Onyedinma,329,1,0,0,0,0,0,0,0.0,-65,0,5.0,0,0.0
Fred Onyedinma,329,2,0,0,0,0,0,0,0.0,-140,0,5.0,0,0.0
Fred Onyedinma,329,3,0,0,0,0,0,0,0.0,-160,0,5.0,0,0.0
Fred Onyedinma,329,4,0,0,0,0,0,0,0.0,-169,0,5.0,0,0.0
Fred Onyedinma,329,5,0,0,0,0,0,0,0.0,-178,0,5.0,0,0.0
Frederico Rodrigues de Paula Santos,381,1,0,0,0,0,0,0,0.1,-3163,0,5.0,0,0.0
Frederico Rodrigues de Paula Santos,381,2,0,0,0,0,0,0,0.1,-7461,0,5.0,0,0.0
Frederico Rodrigues de Paula Santos,381,3,0,0,0,0,0,0,0.1,-8482,0,5.0,0,0.0
Frederico Rodrigues de Paula Santos,381,4,0,0,0,0,0,0,0.0,-9389,0,5.0,0,0.0
Frederico Rodrigues de Paula Santos,381,5,0,0,0,0,0,0,0.0,-9667,0,5.0,0,0.0
Fábio Ferreira Vieira,4,1,0,0,0,0,0,0,0.1,-1144,0,5.5,0,0.0
Fábio Ferreira Vieira,4,2,0,0,0,0,0,0,0.1,-2968,0,5.4,0,0.0
Fábio Ferreira Vieira,4,3,2,0,0,34,0,0,0.1,-2468,0,5.4,7,0.0
Fábio Ferreira Vieira,4,4,3,0,0,47,0,0,0.1,-1819,0,5.4,11,2.1666666666666665
Fábio Ferreira Vieira,4,5,3,0,0,126,0,0,0.1,-1207,0,5.4,14,0.40000000000000036
Gabriel Martinelli Silva,12,1,1,0,0,85,0,0,15.3,35813,0,8.0,5,0.0
Gabriel Martinelli Silva,12,2,1,0,0,154,0,0,15.1,34200,0,8.0,8,0.0
Gabriel Martinelli Silva,12,3,1,0,0,244,0,0,13.4,-105444,0,8.0,10,0.0
Gabriel Martinelli Silva,12,4,2,0,0,333,0,0,10.3,-392035,0,7.9,15,1.833333333333333
Gabriel Martinelli Silva,12,5,2,0,0,356,0,0,8.9,-523866,0,7.9,16,-0.1999999999999993
Garang Kuol,418,1,0,0,0,0,0,0,0.0,-223,0,4.5,0,0.0
Garang Kuol,418,2,0,0,0,0,0,0,0.0,-401,0,4.5,0,0.0
Garang Kuol,418,3,0,0,0,0,0,0,0.0,-463,0,4.5,0,0.0
Garang Kuol,418,4,0,0,0,0,0,0,0.0,-513,0,4.5,0,0.0
Garang Kuol,418,5,0,0,0,0,0,0,0.0,-538,0,4.5,0,0.0
Gavin Kilkenny,71,1,0,0,0,0,0,0,0.1,-222,0,4.5,0,0.0
Gavin Kilkenny,71,2,0,0,0,0,0,0,0.1,-1075,0,4.5,0,0.0
Gavin Kilkenny,71,3,0,0,0,0,0,0,0.1,-1528,0,4.5,0,0.0
Gavin Kilkenny,71,4,0,0,0,0,0,0,0.1,-1675,0,4.4,0,0.0
Gavin Kilkenny,71,5,0,0,0,0,0,0,0.1,-1508,0,4.4,0,0.0
Giovani Lo Celso,503,1,0,0,0,0,0,0,0.1,-1275,0,5.0,0,0.0
Giovani Lo Celso,503,2,0,0,0,0,0,0,0.1,-3835,0,4.9,0,0.0
Giovani Lo Celso,503,3,0,0,0,16,0,0,0.1,-4952,0,4.9,1,0.0
Giovani Lo Celso,503,4,0,0,0,16,0,0,0.1,-7137,0,4.8,1,0.16666666666666669
Giovani Lo Celso,503,5,0,0,0,16,0,0,0.1,-8068,0,4.8,1,-0.06666666666666665
Glen Rea,334,1,0,0,0,0,0,0,0.1,-354,0,4.5,0,0.0
Glen Rea,334,2,0,0,0,0,0,0,0.1,-1073,0,4.5,0,0.0
Glen Rea,334,3,0,0,0,0,0,0,0.1,-1506,0,4.5,0,0.0
Glen Rea,334,4,0,0,0,0,0,0,0.0,-1963,0,4.4,0,0.0
Glen Rea,334,5,0,0,0,0,0,0,0.0,-2542,0,4.4,0,0.0
Gonçalo Manuel Ganchinho Guedes,554,1,0,0,0,0,0,0,0.1,-398,0,5.5,0,0.0
Gonçalo Manuel Ganchinho Guedes,554,2,0,0,0,0,0,0,0.1,-2004,0,5.4,0,0.0
Gonçalo Manuel Ganchinho Guedes,554,3,0,0,0,0,0,0,0.1,-2691,0,5.4,0,0.0
Gonçalo Manuel Ganchinho Guedes,554,4,0,0,0,0,0,0,0.1,-4795,0,5.4,0,0.0
Gonçalo Manuel Ganchinho Guedes,554,5,0,0,0,0,0,0,0.0,-5474,0,5.4,0,0.0
Granit Xhaka,30,1,0,0,0,0,0,0,0.0,-491,0,6.0,0,0.0
Granit Xhaka,30,2,0,0,0,0,0,0,0.0,-891,0,6.0,0,0.0
Granit Xhaka,30,3,0,0,0,0,0,0,0.0,-973,0,6.0,0,0.0
Granit Xhaka,30,4,0,0,0,0,0,0,0.0,-1075,0,6.0,0,0.0
Granit Xhaka,30,5,0,0,0,0,0,0,0.0,-1102,0,6.0,0,0.0
Gustavo Hamer,663,2,0,0,1,90,0,0,0.1,5730,1,5.0,6,0.0
Gustavo Hamer,663,3,0,0,1,180,0,0,0.1,7778,1,5.0,8,0.0
Gustavo Hamer,663,4,0,0,1,270,0,0,0.1,10035,1,5.0,10,0.0
Gustavo Hamer,663,5,0,2,2,350,0,0,0.2,13633,1,5.0,20,3.0
Gustavo Henrique Furtado Scarpa,462,1,0,0,0,0,0,0,0.1,-408,0,4.5,0,0.0
Gustavo Henrique Furtado Scarpa,462,2,0,0,0,0,0,0,0.1,-1854,0,4.5,0,0.0
Gustavo Henrique Furtado Scarpa,462,3,0,0,0,0,0,0,0.0,-2779,0,4.5,0,0.0
Gustavo Henrique Furtado Scarpa,462,4,0,0,0,0,0,0,0.0,-3561,0,4.5,0,0.0
Gustavo Henrique Furtado Scarpa,462,5,0,0,0,0,0,0,0.0,-3901,0,4.5,0,0.0
Hakim Ziyech,218,1,0,0,0,0,0,0,0.2,-1872,0,5.5,0,0.0
Hakim Ziyech,218,2,0,0,0,0,0,0,0.2,-7995,0,5.4,0,0.0
Hakim Ziyech,218,3,0,0,0,0,0,0,0.1,-11080,0,5.4,0,0.0
Hakim Ziyech,218,4,0,0,0,0,0,0,0.1,-13452,0,5.4,0,0.0
Hakim Ziyech,218,5,0,0,0,0,0,0,0.1,-14037,0,5.4,0,0.0
Hamed Traorè,87,1,0,0,0,0,0,0,0.0,-225,0,5.0,0,0.0
Hamed Traorè,87,2,0,0,0,6,0,0,0.0,-487,0,4.9,1,0.0
Hamed Traorè,87,3,0,0,0,36,0,0,0.0,-627,0,4.9,2,0.0
Hamed Traorè,87,4,0,0,0,36,0,0,0.0,-796,0,4.9,2,0.25
Hamed Traorè,87,5,0,0,0,36,0,0,0.0,-897,0,4.8,2,-0.26666666666666683
Han-Noah Massengo,694,4,0,0,0,0,0,0,0.0,43,0,5.0,0,0.0
Han-Noah Massengo,694,5,0,0,0,0,0,0,0.0,52,0,5.0,0,0.0
Hannibal Mejbri,383,1,0,0,0,0,0,0,0.1,-336,0,4.5,0,0.0
Hannibal Mejbri,383,2,0,0,0,0,0,0,0.1,-795,0,4.4,0,0.0
Hannibal Mejbri,383,3,0,0,0,0,0,0,0.1,-676,0,4.4,0,0.0
Hannibal Mejbri,383,4,0,0,0,0,0,0,0.1,-1051,0,4.4,0,0.0
Hannibal Mejbri,383,5,0,0,1,26,0,0,0.1,725,1,4.4,5,1.0
Harrison Reed,282,1,0,0,0,90,0,0,1.0,-3809,0,5.0,3,0.0
Harrison Reed,282,2,0,0,0,156,0,0,0.8,-17617,1,5.0,4,0.0
Harrison Reed,282,3,1,0,0,176,0,0,0.7,-25060,1,4.9,8,0.0
Harrison Reed,282,4,1,0,0,266,0,0,0.6,-34409,1,4.8,10,1.25
Harrison Reed,282,5,1,0,0,327,0,0,0.6,-34546,1,4.8,13,0.2666666666666666
Harry Arter,435,1,0,0,0,0,0,0,0.1,-238,0,4.5,0,0.0
Harry Arter,435,2,0,0,0,0,0,0,0.1,-1146,0,4.5,0,0.0
Harry Arter,435,3,0,0,0,0,0,0,0.1,-1617,0,4.5,0,0.0
Harry Arter,435,4,0,0,0,0,0,0,0.1,-2093,0,4.4,0,0.0
Harry Arter,435,5,0,0,0,0,0,0,0.1,-2188,0,4.4,0,0.0
Harry Wilson,288,1,0,0,0,90,0,0,0.2,-3,0,5.5,3,0.0
Harry Wilson,288,2,0,0,0,180,0,0,0.2,-1335,0,5.5,5,0.0
Harry Wilson,288,3,0,0,0,250,0,0,0.2,-3712,0,5.5,7,0.0
Harry Wilson,288,4,0,0,0,330,0,0,0.2,-4753,0,5.4,9,1.0
Harry Wilson,288,5,0,0,0,410,0,0,0.2,-2042,0,5.4,12,0.20000000000000018
Harvey Barnes,603,1,1,2,1,22,0,0,3.9,60910,0,6.5,11,0.0
Harvey Barnes,603,2,1,2,1,56,0,0,4.3,60013,1,6.5,11,0.0
Harvey Barnes,603,3,1,2,1,74,0,0,3.7,9082,1,6.5,12,0.0
Harvey Barnes,603,4,1,2,1,90,0,0,2.9,-68234,1,6.4,13,0.4166666666666661
Harvey Barnes,603,5,1,2,1,172,0,0,2.6,-93620,1,6.4,16,0.5999999999999996
Harvey Elliott,295,1,0,0,0,13,0,0,0.2,-1182,0,5.0,1,0.0
Harvey Elliott,295,2,0,0,0,27,0,0,0.2,-4301,0,4.9,2,0.0
Harvey Elliott,295,3,0,0,0,59,0,0,0.2,-5700,0,4.9,3,0.0
Harvey Elliott,295,4,0,0,0,85,0,0,0.2,-7590,0,4.9,4,0.5
Harvey Elliott,295,5,1,0,0,119,0,0,0.2,-7346,1,4.8,7,0.3999999999999999
Hwang Hee-chan,557,1,0,0,0,27,0,0,0.1,-269,0,5.5,1,0.0
Hwang Hee-chan,557,2,0,0,1,62,0,0,0.1,89,1,5.5,6,0.0
Hwang Hee-chan,557,3,0,0,1,107,0,0,0.1,-948,1,5.5,7,0.0
Hwang Hee-chan,557,4,0,0,2,137,0,0,0.1,-3211,1,5.4,13,2.083333333333333
Hwang Hee-chan,557,5,0,0,3,196,0,0,0.2,3134,1,5.4,19,0.5333333333333332
Ian Maatsen,609,1,0,0,0,9,0,0,0.1,-997,0,5.5,1,0.0
Ian Maatsen,609,2,0,0,0,9,0,0,0.1,-3350,0,5.4,1,0.0
Ian Maatsen,609,3,0,0,0,13,0,0,0.1,-4609,1,5.4,1,0.0
Ian Maatsen,609,4,0,0,0,26,0,0,0.1,-5731,1,5.3,2,0.25
Ian Maatsen,609,5,0,0,0,35,0,0,0.1,-6171,1,5.3,3,0.26666666666666683
Ibrahim Sangaré,713,4,0,0,0,0,0,0,0.0,162,0,5.0,0,0.0
Ibrahim Sangaré,713,5,0,0,0,90,0,0,0.0,587,0,5.0,2,0.0
Idrissa Gueye,254,1,0,0,0,90,0,0,0.1,-227,0,5.0,2,0.0
Idrissa Gueye,254,2,0,0,0,135,0,0,0.0,-907,1,5.0,2,0.0
Idrissa Gueye,254,3,0,0,0,225,0,0,0.0,-1195,1,4.9,4,0.0
Idrissa Gueye,254,4,0,0,0,315,0,0,0.0,-1540,1,4.9,6,0.8333333333333335
Idrissa Gueye,254,5,0,0,0,405,0,0,0.0,-1651,1,4.9,8,0.40000000000000036
Isaac Hayden,413,1,0,0,0,0,0,0,0.1,-314,0,4.5,0,0.0
Isaac Hayden,413,2,0,0,0,0,0,0,0.1,-1020,0,4.5,0,0.0
Isaac Hayden,413,3,0,0,0,0,0,0,0.0,-1217,0,4.4,0,0.0
Isaac Hayden,413,4,0,0,0,0,0,0,0.0,-1515,0,4.4,0,0.0
Isaac Hayden,413,5,0,0,0,0,0,0,0.0,-2198,0,4.4,0,0.0
Ismaila Coulibaly,478,1,0,0,0,0,0,0,0.0,-464,0,4.5,0,0.0
Ismaila Coulibaly,478,2,0,0,0,0,0,0,0.0,-1184,0,4.5,0,0.0
Ismaila Coulibaly,478,3,0,0,0,0,0,0,0.0,-1251,0,4.4,0,0.0
Ismaila Coulibaly,478,4,0,0,0,0,0,0,0.0,-1137,0,4.4,0,0.0
Ismaila Coulibaly,478,5,0,0,0,0,0,0,0.0,-954,0,4.4,0,0.0
Ivan Neves Abreu Cavaleiro,269,1,0,0,0,0,0,0,0.0,-405,0,5.0,0,0.0
Ivan Neves Abreu Cavaleiro,269,2,0,0,0,0,0,0,0.0,-730,0,5.0,0,0.0
Ivan Neves Abreu Cavaleiro,269,3,0,0,0,0,0,0,0.0,-805,0,5.0,0,0.0
Ivan Neves Abreu Cavaleiro,269,4,0,0,0,0,0,0,0.0,-882,0,5.0,0,0.0
Ivan Neves Abreu Cavaleiro,269,5,0,0,0,0,0,0,0.0,-911,0,5.0,0,0.0
Jack Cork,163,1,0,0,0,0,0,0,0.0,-289,0,5.0,0,0.0
Jack Cork,163,2,0,0,0,0,0,0,0.0,-798,0,4.9,0,0.0
Jack Cork,163,3,0,0,0,0,0,0,0.0,-981,0,4.9,0,0.0
Jack Cork,163,4,0,0,0,16,0,0,0.0,-1198,0,4.9,1,0.25
Jack Cork,163,5,0,0,0,16,0,0,0.0,-1263,0,4.9,1,0.06666666666666671
Jack Grealish,354,1,0,0,0,0,0,0,5.2,-60761,0,7.5,0,0.0
Jack Grealish,354,2,0,0,0,90,0,0,4.3,-133612,0,7.4,3,0.0
Jack Grealish,354,3,1,2,0,180,0,0,4.1,-154700,0,7.4,10,0.0
Jack Grealish,354,4,1,2,0,180,0,0,3.5,-214776,0,7.3,10,1.416666666666667
Jack Grealish,354,5,1,2,0,180,0,0,2.3,-324126,0,7.3,10,-1.0666666666666673
Jack Harrison,661,2,0,0,0,0,0,0,0.0,407,0,5.5,0,0.0
Jack Harrison,661,3,0,0,0,0,0,0,0.0,37,0,5.5,0,0.0
Jack Harrison,661,4,0,0,0,0,0,0,0.0,-186,0,5.5,0,0.0
Jack Harrison,661,5,0,0,0,0,0,0,0.0,-253,0,5.5,0,0.0
Jack Hinshelwood,621,1,0,0,0,0,0,0,0.0,-7,0,4.5,0,0.0
Jack Hinshelwood,621,2,0,0,0,0,0,0,0.0,-162,0,4.5,0,0.0
Jack Hinshelwood,621,3,0,0,0,0,0,0,0.0,-182,0,4.5,0,0.0
Jack Hinshelwood,621,4,0,0,0,0,0,0,0.0,-200,0,4.5,0,0.0
Jack Hinshelwood,621,5,0,0,0,0,0,0,0.0,-172,0,4.5,0,0.0
Jacob Bruun Larsen,608,1,0,0,0,29,0,0,0.0,-108,0,5.0,1,0.0
Jacob Bruun Larsen,608,2,0,0,0,29,0,0,0.0,-382,0,5.0,1,0.0
Jacob Bruun Larsen,608,3,0,0,0,38,0,0,0.0,-491,0,5.0,2,0.0
Jacob Bruun Larsen,608,4,0,0,0,60,0,0,0.0,-620,0,4.9,3,0.41666666666666674
Jacob Bruun Larsen,608,5,0,0,0,60,0,0,0.0,-694,0,4.9,3,0.0
Jacob Murphy,423,1,1,0,0,4,0,0,0.2,132,0,5.0,4,0.0
Jacob Murphy,423,2,1,0,0,4,0,0,0.2,-2848,0,5.0,4,0.0
Jacob Murphy,423,3,1,0,0,4,0,0,0.2,-5046,0,4.9,4,0.0
Jacob Murphy,423,4,1,0,0,4,0,0,0.2,-7916,0,4.9,4,0.0
Jacob Murphy,423,5,1,0,0,4,0,0,0.2,-9171,0,4.8,4,0.0
Jacob Ramsey,55,1,0,0,0,0,0,0,0.1,-2621,0,6.0,0,0.0
Jacob Ramsey,55,2,0,0,0,0,0,0,0.1,-5375,0,5.9,0,0.0
Jacob Ramsey,55,3,0,0,0,0,0,0,0.1,-6270,0,5.9,0,0.0
Jacob Ramsey,55,4,0,0,0,0,0,0,0.1,-7186,0,5.9,0,0.0
Jacob Ramsey,55,5,0,0,0,0,0,0,0.1,-7510,0,5.9,0,0.0
Jaden Philogene-Bidace,54,1,0,0,0,3,0,0,0.2,445,0,4.5,1,0.0
Jaden Philogene-Bidace,54,2,0,0,0,3,0,0,0.2,-657,0,4.5,1,0.0
Jaden Philogene-Bidace,54,3,0,0,0,3,0,0,0.1,-1989,0,4.5,1,0.0
Jaden Philogene-Bidace,54,4,0,0,0,3,0,0,0.1,-4949,0,4.5,1,0.0
Jaden Philogene-Bidace,54,5,0,0,0,3,0,0,0.1,-6565,0,4.5,1,0.0
Jadon Sancho,397,1,0,0,0,22,0,0,1.0,-4797,0,7.0,1,0.0
Jadon Sancho,397,2,0,0,0,46,0,0,0.8,-19022,0,6.9,2,0.0
Jadon Sancho,397,3,0,0,0,76,0,0,0.8,-25659,0,6.9,3,0.0
Jadon Sancho,397,4,0,0,0,76,0,0,0.7,-35654,0,6.8,3,0.25
Jadon Sancho,397,5,0,0,0,76,0,0,0.6,-45683,0,6.8,3,-0.2666666666666666
Jaidon Anthony,62,1,0,0,0,59,0,0,0.2,-654,0,5.0,1,0.0
Jaidon Anthony,62,2,0,0,0,121,0,0,0.1,-2402,1,5.0,2,0.0
Jaidon Anthony,62,3,0,0,0,151,0,0,0.1,-3198,1,4.9,3,0.0
Jaidon Anthony,62,4,0,0,0,151,0,0,0.1,-5515,1,4.9,3,0.25
Jaidon Anthony,62,5,0,0,0,151,0,0,0.1,-7399,1,4.9,3,-0.2666666666666666
Jairo Riedewald,239,1,0,0,0,0,0,0,0.1,-219,0,4.5,0,0.0
Jairo Riedewald,239,2,0,0,0,0,0,0,0.1,-854,0,4.5,0,0.0
Jairo Riedewald,239,3,0,0,0,0,0,0,0.1,-1215,0,4.4,0,0.0
Jairo Riedewald,239,4,0,0,0,0,0,0,0.1,-1229,0,4.4,0,0.0
Jairo Riedewald,239,5,0,0,0,0,0,0,0.1,-1156,0,4.4,0,0.0
Jakub Moder,144,1,0,0,0,0,0,0,0.1,-336,0,4.5,0,0.0
Jakub Moder,144,2,0,0,0,0,0,0,0.1,-1295,0,4.5,0,0.0
Jakub Moder,144,3,0,0,0,0,0,0,0.1,-1267,0,4.4,0,0.0
Jakub Moder,144,4,0,0,0,0,0,0,0.1,-1574,0,4.4,0,0.0
Jakub Moder,144,5,0,0,0,0,0,0,0.1,-1244,0,4.4,0,0.0
Jamal Lowe,73,1,0,0,0,0,0,0,0.0,-111,0,5.0,0,0.0
Jamal Lowe,73,2,0,0,0,0,0,0,0.0,-386,0,4.9,0,0.0
Jamal Lowe,73,3,0,0,0,0,0,0,0.0,-517,0,4.9,0,0.0
Jamal Lowe,73,4,0,0,0,0,0,0,0.0,-754,0,4.9,0,0.0
Jamal Lowe,73,5,0,0,0,0,0,0,0.0,-873,0,4.9,0,0.0
James Garner,250,1,0,0,0,82,0,0,0.0,-150,0,5.0,2,0.0
James Garner,250,2,0,0,0,172,0,0,0.0,-460,0,5.0,4,0.0
James Garner,250,3,0,0,0,262,0,0,0.0,-556,1,5.0,5,0.0
James Garner,250,4,0,0,0,336,0,0,0.0,-607,1,5.0,7,0.8333333333333335
James Garner,250,5,0,0,0,346,0,0,0.0,-1078,1,4.9,8,-0.13333333333333286
James Maddison,504,1,2,2,0,90,0,0,12.8,98086,1,7.5,9,0.0
James Maddison,504,2,2,2,0,180,0,0,13.5,131447,1,7.6,12,0.0
James Maddison,504,3,2,4,1,252,0,0,16.7,401943,1,7.6,22,0.0
James Maddison,504,4,2,4,2,337,0,0,26.7,1334533,1,7.8,29,3.666666666666666
James Maddison,504,5,2,4,2,427,0,0,31.2,1785172,2,7.9,30,-0.6000000000000014
James McAtee,360,1,0,0,0,1,0,0,0.0,75,0,4.5,1,0.0
James McAtee,360,2,0,0,0,1,0,0,0.0,-417,0,4.5,1,0.0
James McAtee,360,3,0,0,0,1,0,0,0.0,-732,0,4.5,1,0.0
James McAtee,360,4,0,0,0,1,0,0,0.0,141,0,4.4,1,0.0
James McAtee,360,5,0,0,0,70,0,0,0.1,2104,0,4.4,4,0.6000000000000001
James McConnell,629,1,0,0,0,0,0,0,0.0,-31,0,4.5,0,0.0
James McConnell,629,2,0,0,0,0,0,0,0.0,-193,0,4.5,0,0.0
James McConnell,629,3,0,0,0,0,0,0,0.0,-287,0,4.5,0,0.0
James McConnell,629,4,0,0,0,0,0,0,0.0,-353,0,4.5,0,0.0
James McConnell,629,5,0,0,0,0,0,0,0.0,-359,0,4.5,0,0.0
James Milner,142,1,0,0,0,78,0,0,0.3,172,0,5.0,3,0.0
James Milner,142,2,0,0,0,134,0,0,0.2,-2232,1,5.0,3,0.0
James Milner,142,3,0,0,0,205,0,0,0.2,-3797,1,5.0,5,0.0
James Milner,142,4,0,0,0,214,0,0,0.2,-6036,2,4.9,5,0.3333333333333335
James Milner,142,5,0,0,0,227,0,0,0.2,-7039,2,4.9,6,0.06666666666666732
James Ward-Prowse,664,2,2,1,0,80,0,0,1.7,130634,0,6.0,9,0.0
James Ward-Prowse,664,3,2,1,1,170,0,0,4.0,327141,1,6.0,15,0.0
James Ward-Prowse,664,4,3,3,1,260,0,0,6.8,575391,1,6.1,22,0.0
James Ward-Prowse,664,5,3,3,2,350,0,0,8.4,724257,1,6.1,29,3.416666666666666
Jarrod Bowen,526,1,0,3,1,90,0,0,4.8,18921,1,7.0,9,0.0
Jarrod Bowen,526,2,0,3,1,180,0,0,4.8,7871,1,7.0,11,0.0
Jarrod Bowen,526,3,1,5,2,270,0,0,6.2,124804,1,7.0,23,0.0
Jarrod Bowen,526,4,1,5,3,360,0,0,9.9,452395,1,7.1,30,3.916666666666666
Jarrod Bowen,526,5,1,5,3,450,0,0,9.4,406515,1,7.1,32,-0.33333333333333215
Jean-Philippe Gbamin,251,1,0,0,0,0,0,0,0.0,-138,0,4.5,0,0.0
Jean-Philippe Gbamin,251,2,0,0,0,0,0,0,0.0,-520,0,4.5,0,0.0
Jean-Philippe Gbamin,251,3,0,0,0,0,0,0,0.0,-690,0,4.4,0,0.0
Jean-Philippe Gbamin,251,4,0,0,0,0,0,0,0.0,-1133,0,4.4,0,0.0
Jean-Philippe Gbamin,251,5,0,0,0,0,0,0,0.0,-1389,0,4.4,0,0.0
Jean-Ricner Bellegarde,715,4,0,0,0,0,0,0,0.0,48,0,5.0,0,0.0
Jean-Ricner Bellegarde,715,5,0,0,0,76,0,0,0.0,789,0,5.0,2,0.0
Jeff Hendrick,414,1,0,0,0,0,0,0,0.1,-295,0,4.5,0,0.0
Jeff Hendrick,414,2,0,0,0,0,0,0,0.1,-1008,0,4.5,0,0.0
Jeff Hendrick,414,3,0,0,0,0,0,0,0.1,-1269,0,4.4,0,0.0
Jeff Hendrick,414,4,0,0,0,0,0,0,0.0,-2349,0,4.4,0,0.0
Jeff Hendrick,414,5,0,0,0,0,0,0,0.0,-2848,0,4.4,0,0.0
Jefferson Lerma Solís,231,1,0,0,0,90,0,0,0.4,-1659,0,5.0,3,0.0
Jefferson Lerma Solís,231,2,0,0,0,180,0,0,0.3,-6069,0,5.0,5,0.0
Jefferson Lerma Solís,231,3,0,0,0,270,0,0,0.3,-8654,0,4.9,7,0.0
Jefferson Lerma Solís,231,4,0,0,0,360,0,0,0.3,-11523,0,4.9,9,1.0
Jefferson Lerma Solís,231,5,0,0,0,360,0,0,0.2,-15836,0,4.9,9,-0.40000000000000036
Jeffrey Schlupp,240,1,0,0,0,90,0,0,0.2,-490,0,5.0,3,0.0
Jeffrey Schlupp,240,2,0,0,0,163,0,0,0.2,-2043,0,5.0,5,0.0
Jeffrey Schlupp,240,3,0,0,0,233,0,0,0.1,-2856,0,5.0,7,0.0
Jeffrey Schlupp,240,4,0,0,0,303,0,0,0.1,-3823,0,4.9,9,1.0
Jeffrey Schlupp,240,5,0,0,0,393,0,0,0.1,-4155,0,4.9,11,0.0
Jeremy Sarmiento Morante,146,1,0,0,0,0,0,0,0.0,-472,0,4.5,0,0.0
Jeremy Sarmiento Morante,146,2,0,0,0,0,0,0,0.0,-900,0,4.5,0,0.0
Jeremy Sarmiento Morante,146,3,0,0,0,0,0,0,0.0,-1043,0,4.5,0,0.0
Jeremy Sarmiento Morante,146,4,0,0,0,0,0,0,0.0,-1212,0,4.5,0,0.0
Jeremy Sarmiento Morante,146,5,0,0,0,0,0,0,0.0,-1282,0,4.5,0,0.0
Jesurun Rak-Sakyi,657,1,0,0,0,0,0,0,0.0,82,0,4.5,0,0.0
Jesurun Rak-Sakyi,657,2,0,0,0,7,0,0,0.0,278,0,4.5,1,0.0
Jesurun Rak-Sakyi,657,3,0,0,0,7,0,0,0.0,341,0,4.5,1,0.0
Jesurun Rak-Sakyi,657,4,0,0,0,7,0,0,0.0,384,0,4.5,1,0.08333333333333337
Jesurun Rak-Sakyi,657,5,0,0,0,8,0,0,0.0,467,0,4.5,2,0.0
Joe Hodge,555,1,0,0,0,0,0,0,0.1,-205,0,4.5,0,0.0
Joe Hodge,555,2,0,0,0,0,0,0,0.1,-1265,0,4.5,0,0.0
Joe Hodge,555,3,0,0,0,0,0,0,0.1,-1942,0,4.4,0,0.0
Joe Hodge,555,4,0,0,0,0,0,0,0.1,-3172,0,4.4,0,0.0
Joe Hodge,555,5,0,0,0,0,0,0,0.1,-3690,0,4.4,0,0.0
Joe Rothwell,81,1,0,0,0,90,0,0,0.0,-41,0,5.0,2,0.0
Joe Rothwell,81,2,0,0,0,165,0,0,0.0,-170,0,5.0,4,0.0
Joe Rothwell,81,3,0,0,0,210,0,0,0.0,-250,0,5.0,5,0.0
Joe Rothwell,81,4,0,0,0,210,0,0,0.0,-421,0,5.0,5,0.3333333333333335
Joe Rothwell,81,5,0,0,0,210,0,0,0.0,-561,0,4.9,5,-0.4666666666666668
Joe Willock,432,1,0,0,0,0,0,0,0.2,-5585,0,5.5,0,0.0
Joe Willock,432,2,0,0,0,0,0,0,0.1,-10948,0,5.4,0,0.0
Joe Willock,432,3,0,0,0,0,0,0,0.1,-12655,0,5.4,0,0.0
Joe Willock,432,4,0,0,0,0,0,0,0.1,-14449,0,5.4,0,0.0
Joe Willock,432,5,0,0,0,0,0,0,0.1,-15190,0,5.4,0,0.0
Joelinton Cássio Apolinário de Lira,416,1,0,0,0,90,0,0,1.1,-5431,0,6.0,2,0.0
Joelinton Cássio Apolinário de Lira,416,2,0,0,0,146,0,0,0.8,-30067,1,6.0,2,0.0
Joelinton Cássio Apolinário de Lira,416,3,0,0,0,227,0,0,0.8,-39217,1,5.9,4,0.0
Joelinton Cássio Apolinário de Lira,416,4,0,0,0,284,0,0,0.6,-50664,1,5.9,5,0.5833333333333335
Joelinton Cássio Apolinário de Lira,416,5,0,0,0,284,0,0,0.6,-57669,1,5.9,5,-0.06666666666666643
John Fleck,481,1,0,0,0,0,0,0,0.0,-113,0,5.0,0,0.0
John Fleck,481,2,0,0,0,0,0,0,0.0,-355,0,5.0,0,0.0
John Fleck,481,3,0,0,0,0,0,0,0.0,-422,0,4.9,0,0.0
John Fleck,481,4,0,0,0,0,0,0,0.0,-519,0,4.9,0,0.0
John Fleck,481,5,0,0,0,0,0,0,0.0,-506,0,4.9,0,0.0
John McGinn,50,1,0,0,0,63,0,0,0.5,-1501,0,5.5,2,0.0
John McGinn,50,2,0,2,1,153,0,0,0.6,4858,0,5.5,12,0.0
John McGinn,50,3,0,2,1,243,0,0,0.6,8276,0,5.5,14,0.0
John McGinn,50,4,0,2,1,333,0,0,0.6,5139,0,5.5,16,1.666666666666666
John McGinn,50,5,0,2,1,403,0,0,0.6,4918,1,5.5,17,-1.8000000000000007
Jonjo Shelvey,463,1,0,0,0,0,0,0,0.0,-285,0,5.0,0,0.0
Jonjo Shelvey,463,2,0,0,0,0,0,0,0.0,-813,0,4.9,0,0.0
Jonjo Shelvey,463,3,0,0,0,0,0,0,0.0,-1068,0,4.9,0,0.0
Jonjo Shelvey,463,4,0,0,0,0,0,0,0.0,-1346,0,4.9,0,0.0
Jonjo Shelvey,463,5,0,0,0,0,0,0,0.0,-1501,0,4.8,0,0.0
Jordan Ayew,221,1,1,0,0,90,0,0,0.4,2801,0,5.5,6,0.0
Jordan Ayew,221,2,1,0,0,180,0,0,0.4,4865,1,5.5,7,0.0
Jordan Ayew,221,3,2,0,0,270,0,0,0.5,6986,1,5.5,12,0.0
Jordan Ayew,221,4,2,0,0,360,0,0,0.5,7200,1,5.5,14,1.416666666666666
Jordan Ayew,221,5,2,0,0,384,0,0,0.4,2258,1,5.5,15,-0.1999999999999993
Jordan Clark,320,1,0,0,0,0,0,0,0.0,-280,0,5.0,0,0.0
Jordan Clark,320,2,0,0,0,0,0,0,0.0,-548,0,5.0,0,0.0
Jordan Clark,320,3,0,0,0,0,0,0,0.0,-593,0,4.9,0,0.0
Jordan Clark,320,4,0,0,0,0,0,0,0.0,-724,0,4.9,0,0.0
Jordan Clark,320,5,0,0,0,0,0,0,0.0,-715,0,4.9,0,0.0
Jordan Henderson,299,1,0,0,0,0,0,0,0.0,-334,0,5.0,0,0.0
Jordan Henderson,299,2,0,0,0,0,0,0,0.0,-539,0,5.0,0,0.0
Jordan Henderson,299,3,0,0,0,0,0,0,0.0,-606,0,5.0,0,0.0
Jordan Henderson,299,4,0,0,0,0,0,0,0.0,-694,0,5.0,0,0.0
Jordan Henderson,299,5,0,0,0,0,0,0,0.0,-719,0,5.0,0,0.0
Jorge Luiz Frello Filho,9,1,0,0,0,0,0,0,0.2,-1088,0,5.5,0,0.0
Jorge Luiz Frello Filho,9,2,0,0,0,11,0,0,0.2,-3351,0,5.5,1,0.0
Jorge Luiz Frello Filho,9,3,0,0,0,17,0,0,0.2,-4634,0,5.4,2,0.0
Jorge Luiz Frello Filho,9,4,0,0,0,18,0,0,0.2,-6345,0,5.4,3,0.5
Jorge Luiz Frello Filho,9,5,0,0,0,18,0,0,0.2,-6995,0,5.4,3,-0.19999999999999996
Josh Bowler,440,1,0,0,0,0,0,0,0.0,-94,0,4.5,0,0.0
Josh Bowler,440,2,0,0,0,0,0,0,0.0,-187,0,4.5,0,0.0
Josh Bowler,440,3,0,0,0,0,0,0,0.0,-226,0,4.5,0,0.0
Josh Bowler,440,4,0,0,0,0,0,0,0.0,-258,0,4.5,0,0.0
Josh Bowler,440,5,0,0,0,0,0,0,0.0,-271,0,4.5,0,0.0
Josh Brownhill,161,1,0,0,0,1,0,0,0.3,-2352,0,5.0,1,0.0
Josh Brownhill,161,2,0,0,0,1,0,0,0.2,-7475,0,4.9,1,0.0
Josh Brownhill,161,3,0,0,0,1,0,0,0.2,-10072,0,4.9,1,0.0
Josh Brownhill,161,4,0,0,1,46,0,0,0.2,-12050,1,4.8,6,1.25
Josh Brownhill,161,5,0,0,1,136,0,0,0.2,-12595,1,4.8,8,0.7333333333333334
Josh Cullen,165,1,0,0,0,90,0,0,0.1,35,0,5.0,2,0.0
Josh Cullen,165,2,0,0,0,90,0,0,0.1,-546,0,5.0,2,0.0
Josh Cullen,165,3,0,0,0,180,0,0,0.1,-816,1,5.0,3,0.0
Josh Cullen,165,4,1,0,0,270,0,0,0.1,-1043,1,5.0,8,1.4166666666666665
Josh Cullen,165,5,1,0,0,360,0,0,0.1,-916,2,5.0,9,0.4666666666666668
Josh Dasilva,99,1,0,0,0,0,0,0,0.1,-559,0,5.0,0,0.0
Josh Dasilva,99,2,0,0,0,9,0,0,0.1,-3360,0,5.0,1,0.0
Josh Dasilva,99,3,0,0,0,9,0,0,0.1,-5326,0,4.9,1,0.0
Josh Dasilva,99,4,0,0,0,9,0,0,0.1,-7119,0,4.8,1,0.08333333333333337
Josh Dasilva,99,5,0,0,0,9,0,0,0.0,-7795,0,4.8,1,-0.19999999999999996
João Palhinha Gonçalves,280,1,0,0,0,0,0,0,0.1,-2710,0,5.0,0,0.0
João Palhinha Gonçalves,280,2,0,0,0,23,0,0,0.1,-4611,1,5.0,0,0.0
João Palhinha Gonçalves,280,3,0,3,1,113,0,0,0.2,-1029,1,5.0,10,0.0
João Palhinha Gonçalves,280,4,0,3,1,113,0,0,0.3,4530,1,5.0,10,1.6666666666666665
João Palhinha Gonçalves,280,5,0,3,1,203,0,0,0.4,12871,1,5.0,13,-0.06666666666666732
João Victor Gomes da Silva,559,1,0,0,0,87,0,0,0.1,84,0,5.0,2,0.0
João Victor Gomes da Silva,559,2,0,0,0,141,0,0,0.1,-83,0,5.0,3,0.0
João Victor Gomes da Silva,559,3,0,0,0,231,0,0,0.1,-517,1,5.0,5,0.0
João Victor Gomes da Silva,559,4,0,0,0,311,0,0,0.1,-1059,2,5.0,6,0.6666666666666665
João Victor Gomes da Silva,559,5,0,0,0,401,0,0,0.1,-1123,2,4.9,8,0.13333333333333286
Julio Enciso,130,1,0,0,0,2,0,0,3.9,-34904,0,5.5,1,0.0
Julio Enciso,130,2,2,0,0,68,0,0,3.5,-58713,1,5.4,8,0.0
Julio Enciso,130,3,2,0,0,68,0,0,2.2,-174536,1,5.4,8,0.0
Julio Enciso,130,4,2,0,0,68,0,0,1.2,-262641,1,5.3,8,0.583333333333333
Julio Enciso,130,5,2,0,0,68,0,0,0.9,-291826,1,5.2,8,-1.4000000000000004
Justin Kluivert,72,1,0,0,0,30,0,0,0.5,-2883,0,5.0,1,0.0
Justin Kluivert,72,2,0,0,0,57,0,0,0.4,-10903,0,4.9,2,0.0
Justin Kluivert,72,3,0,0,0,116,0,0,0.3,-15021,0,4.9,3,0.0
Justin Kluivert,72,4,0,0,0,186,0,0,0.3,-19186,0,4.8,5,0.75
Justin Kluivert,72,5,0,0,0,213,0,0,0.3,-21548,0,4.8,6,0.06666666666666643
Jérémy Doku,678,3,0,0,0,0,0,0,0.0,3403,0,6.5,0,0.0
Jérémy Doku,678,4,0,0,0,75,0,0,0.1,6324,0,6.5,2,0.0
Jérémy Doku,678,5,0,2,1,164,0,0,0.7,59213,0,6.5,11,0.0
Jóhann Berg Gudmundsson,170,1,0,0,0,0,0,0,0.0,-464,0,5.0,0,0.0
Jóhann Berg Gudmundsson,170,2,0,0,0,0,0,0,0.0,-1279,0,4.9,0,0.0
Jóhann Berg Gudmundsson,170,3,1,0,0,45,0,0,0.0,-1430,0,4.9,4,0.0
Jóhann Berg Gudmundsson,170,4,1,0,0,90,0,0,0.0,-1303,1,4.9,4,0.6666666666666667
Jóhann Berg Gudmundsson,170,5,1,0,0,152,0,0,0.0,-1705,1,4.9,6,0.1333333333333333
Kacper Kozłowski,137,1,0,0,0,0,0,0,0.0,-50,0,4.5,0,0.0
Kacper Kozłowski,137,2,0,0,0,0,0,0,0.0,-83,0,4.5,0,0.0
Kacper Kozłowski,137,3,0,0,0,0,0,0,0.0,-92,0,4.5,0,0.0
Kacper Kozłowski,137,4,0,0,0,0,0,0,0.0,-105,0,4.5,0,0.0
Kacper Kozłowski,137,5,0,0,0,0,0,0,0.0,-107,0,4.5,0,0.0
Kai Havertz,6,1,0,0,0,90,0,0,4.6,-30941,0,7.5,2,0.0
Kai Havertz,6,2,0,0,0,180,0,0,3.6,-115312,1,7.4,4,0.0
Kai Havertz,6,3,0,0,0,235,0,0,2.9,-180522,1,7.4,5,0.0
Kai Havertz,6,4,0,0,0,311,0,0,2.2,-243666,1,7.3,7,0.8333333333333335
Kai Havertz,6,5,0,0,0,321,0,0,1.9,-266846,1,7.2,8,-0.13333333333333286
Kalvin Phillips,364,1,0,0,0,0,0,0,0.0,-512,0,5.0,0,0.0
Kalvin Phillips,364,2,0,0,0,0,0,0,0.0,-1102,0,4.9,0,0.0
Kalvin Phillips,364,3,0,0,0,0,0,0,0.0,-1351,0,4.9,0,0.0
Kalvin Phillips,364,4,0,0,0,6,0,0,0.0,-1654,0,4.9,1,0.25
Kalvin Phillips,364,5,0,0,0,6,0,0,0.0,-1761,0,4.9,1,0.06666666666666671
Kaoru Mitoma,143,1,1,1,0,90,0,0,38.6,29518,1,6.5,5,0.0
Kaoru Mitoma,143,2,2,3,1,170,0,0,43.6,483972,1,6.6,17,0.0
Kaoru Mitoma,143,3,2,3,1,260,0,0,43.6,525861,2,6.6,18,0.0
Kaoru Mitoma,143,4,3,3,1,350,0,0,40.4,246396,2,6.5,23,2.416666666666666
Kaoru Mitoma,143,5,3,3,1,440,0,0,39.9,203320,2,6.5,25,-1.7333333333333307
Keane Lewis-Potter,107,1,0,0,0,0,0,0,0.0,-224,0,5.0,0,0.0
Keane Lewis-Potter,107,2,0,0,0,19,0,0,0.0,-775,0,4.9,1,0.0
Keane Lewis-Potter,107,3,0,0,0,29,0,0,0.0,-1018,0,4.9,2,0.0
Keane Lewis-Potter,107,4,0,0,0,48,0,0,0.0,-1328,0,4.9,3,0.5
Keane Lewis-Potter,107,5,0,0,0,56,0,0,0.0,-1448,0,4.8,4,0.0
Kevin De Bruyne,349,1,0,0,0,22,0,0,10.7,-486999,0,10.4,1,0.0
Kevin De Bruyne,349,2,0,0,0,22,0,0,3.2,-1129120,0,10.3,1,0.0
Kevin De Bruyne,349,3,0,0,0,22,0,0,2.4,-1198553,0,10.3,1,0.0
Kevin De Bruyne,349,4,0,0,0,22,0,0,2.0,-1240501,0,10.2,1,0.0
Kevin De Bruyne,349,5,0,0,0,22,0,0,1.9,-1250739,0,10.2,1,0.0
Kevin Schade,115,1,0,0,0,18,0,0,0.1,-628,0,5.5,1,0.0
Kevin Schade,115,2,0,0,0,88,0,0,0.1,-1943,0,5.4,4,0.0
Kevin Schade,115,3,0,2,1,167,0,0,0.1,872,0,5.4,13,0.0
Kevin Schade,115,4,1,2,1,237,0,0,0.2,6904,0,5.4,18,3.0
Kevin Schade,115,5,1,2,1,255,0,0,0.2,7532,0,5.4,19,-0.6666666666666661
Kobbie Mainoo,388,1,0,0,0,0,0,0,0.0,-386,0,4.5,0,0.0
Kobbie Mainoo,388,2,0,0,0,0,0,0,0.0,-873,0,4.5,0,0.0
Kobbie Mainoo,388,3,0,0,0,0,0,0,0.0,-1084,0,4.5,0,0.0
Kobbie Mainoo,388,4,0,0,0,0,0,0,0.0,-1267,0,4.4,0,0.0
Kobbie Mainoo,388,5,0,0,0,0,0,0,0.0,-1317,0,4.4,0,0.0
Leander Dendoncker,40,1,0,0,0,0,0,0,0.0,-589,0,5.0,0,0.0
Leander Dendoncker,40,2,0,0,0,0,0,0,0.0,-1125,0,4.9,0,0.0
Leander Dendoncker,40,3,0,0,0,0,0,0,0.0,-1294,0,4.9,0,0.0
Leander Dendoncker,40,4,0,0,0,0,0,0,0.0,-1370,0,4.9,0,0.0
Leander Dendoncker,40,5,0,0,0,1,0,0,0.0,-1354,0,4.9,1,0.2
Leandro Trossard,26,1,0,0,0,17,0,0,5.3,-59180,0,7.0,1,0.0
Leandro Trossard,26,2,0,0,0,17,0,0,3.6,-203257,0,6.8,1,0.0
Leandro Trossard,26,3,0,0,0,62,0,0,2.8,-275494,0,6.8,2,0.0
Leandro Trossard,26,4,0,0,0,62,0,0,2.1,-337902,0,6.7,2,0.16666666666666674
Leandro Trossard,26,5,0,3,1,128,0,0,2.0,-352500,0,6.6,13,2.133333333333333
Leon Bailey,34,1,0,0,0,45,0,0,0.7,-1683,0,5.5,1,0.0
Leon Bailey,34,2,1,3,1,107,0,0,1.6,67972,0,5.5,15,0.0
Leon Bailey,34,3,1,3,1,107,0,0,2.0,103732,0,5.5,15,0.0
Leon Bailey,34,4,1,3,1,153,0,0,1.7,73825,0,5.5,16,1.416666666666666
Leon Bailey,34,5,1,3,2,186,0,0,1.7,68435,1,5.5,21,-1.7333333333333343
Lesley Ugochukwu,613,1,0,0,0,1,0,0,0.2,502,0,4.5,1,0.0
Lesley Ugochukwu,613,2,0,0,0,1,0,0,0.2,-311,0,4.5,1,0.0
Lesley Ugochukwu,613,3,0,0,0,8,0,0,0.1,-1264,0,4.5,2,0.0
Lesley Ugochukwu,613,4,0,0,0,8,0,0,0.1,-1629,0,4.4,2,0.16666666666666674
Lesley Ugochukwu,613,5,0,0,0,98,0,0,0.2,1057,0,4.4,5,0.5333333333333334
Lewis Cook,66,1,0,0,0,0,0,0,0.0,-408,0,5.0,0,0.0
Lewis Cook,66,2,0,0,0,0,0,0,0.0,-1011,0,5.0,0,0.0
Lewis Cook,66,3,0,0,0,45,0,0,0.0,-1166,0,5.0,1,0.0
Lewis Cook,66,4,0,0,0,135,0,0,0.0,-1218,0,5.0,3,0.6666666666666667
Lewis Cook,66,5,0,0,0,225,0,0,0.0,-1232,0,5.0,6,0.6666666666666667
Lewis Dobbin,624,1,0,0,0,7,0,0,0.0,202,0,4.5,1,0.0
Lewis Dobbin,624,2,0,0,0,52,0,0,0.0,275,0,4.5,2,0.0
Lewis Dobbin,624,3,0,0,0,117,0,0,0.0,857,0,4.5,5,0.0
Lewis Dobbin,624,4,0,0,0,117,0,0,0.1,2223,0,4.5,5,0.5833333333333335
Lewis Dobbin,624,5,0,0,0,117,0,0,0.1,3667,0,4.5,5,-0.3999999999999999
Lewis Miley,635,1,0,0,0,0,0,0,0.0,-75,0,4.5,0,0.0
Lewis Miley,635,2,0,0,0,0,0,0,0.0,-268,0,4.5,0,0.0
Lewis Miley,635,3,0,0,0,0,0,0,0.0,-398,0,4.5,0,0.0
Lewis Miley,635,4,0,0,0,0,0,0,0.0,-472,0,4.5,0,0.0
Lewis Miley,635,5,0,0,0,0,0,0,0.0,-451,0,4.5,0,0.0
Lewis O'Brien,458,1,0,0,0,0,0,0,0.0,-130,0,5.0,0,0.0
Lewis O'Brien,458,2,0,0,0,0,0,0,0.0,-400,0,4.9,0,0.0
Lewis O'Brien,458,3,0,0,0,0,0,0,0.0,-468,0,4.9,0,0.0
Lewis O'Brien,458,4,0,0,0,0,0,0,0.0,-730,0,4.9,0,0.0
Lewis O'Brien,458,5,0,0,0,0,0,0,0.0,-854,0,4.9,0,0.0
Louie Watson,339,1,0,0,0,0,0,0,0.4,-1567,0,4.5,0,0.0
Louie Watson,339,2,0,0,0,0,0,0,0.3,-5654,0,4.5,0,0.0
Louie Watson,339,3,0,0,0,0,0,0,0.3,-8386,0,4.5,0,0.0
Louie Watson,339,4,0,0,0,0,0,0,0.3,-12959,0,4.4,0,0.0
Louie Watson,339,5,0,0,0,0,0,0,0.2,-15400,0,4.4,0,0.0
Luca Koleosho,605,1,0,0,0,60,0,0,0.0,296,0,5.0,2,0.0
Luca Koleosho,605,2,0,0,0,60,0,0,0.0,75,0,5.0,2,0.0
Luca Koleosho,605,3,0,0,0,127,0,0,0.0,-72,0,5.0,4,0.0
Luca Koleosho,605,4,1,0,0,194,0,0,0.0,318,0,5.0,9,1.5833333333333335
Luca Koleosho,605,5,1,0,0,269,0,0,0.1,1469,0,5.0,11,0.5999999999999996
Lucas Tolentino Coelho de Lima,539,1,0,0,0,90,0,0,1.5,-7171,1,6.0,1,0.0
Lucas Tolentino Coelho de Lima,539,2,0,0,1,180,0,0,1.6,-7634,2,6.0,7,0.0
Lucas Tolentino Coelho de Lima,539,3,0,0,1,264,0,0,1.7,-1885,2,6.0,9,0.0
Lucas Tolentino Coelho de Lima,539,4,1,0,1,354,0,0,1.9,4968,2,6.0,15,2.333333333333333
Lucas Tolentino Coelho de Lima,539,5,1,0,1,444,0,0,1.8,-3390,3,6.0,16,-0.7333333333333343
Luis Díaz,303,1,0,1,1,76,0,0,7.2,101485,0,7.5,8,0.0
Luis Díaz,303,2,0,1,2,161,0,0,12.9,539878,0,7.7,15,0.0
Luis Díaz,303,3,0,1,2,193,0,0,13.5,591032,0,7.7,16,0.0
Luis Díaz,303,4,0,1,2,257,0,0,12.8,536734,0,7.7,19,1.5
Luis Díaz,303,5,0,1,2,302,0,0,11.8,442845,0,7.7,20,-1.0666666666666682
Luis Sinisterra,705,4,0,0,0,0,0,0,0.0,75,0,5.5,0,0.0
Luis Sinisterra,705,5,0,0,0,17,0,0,0.0,230,0,5.5,1,0.0
Luke Berry,317,1,0,0,0,2,0,0,0.1,-641,0,5.0,1,0.0
Luke Berry,317,2,0,0,0,2,0,0,0.1,-1868,0,4.9,1,0.0
Luke Berry,317,3,0,0,0,2,0,0,0.1,-2481,0,4.9,1,0.0
Luke Berry,317,4,0,0,0,2,0,0,0.0,-3105,0,4.8,1,0.0
Luke Berry,317,5,0,0,0,2,0,0,0.0,-3458,0,4.8,1,0.0
Luke Cundle,550,1,0,0,0,0,0,0,0.0,-465,0,4.5,0,0.0
Luke Cundle,550,2,0,0,0,0,0,0,0.0,-973,0,4.5,0,0.0
Luke Cundle,550,3,0,0,0,0,0,0,0.0,-1165,0,4.5,0,0.0
Luke Cundle,550,4,0,0,0,0,0,0,0.0,-1378,0,4.5,0,0.0
Luke Cundle,550,5,0,0,0,0,0,0,0.0,-1469,0,4.5,0,0.0
Luke Freeman,322,1,0,0,0,0,0,0,0.0,-259,0,5.0,0,0.0
Luke Freeman,322,2,0,0,0,0,0,0,0.0,-660,0,4.9,0,0.0
Luke Freeman,322,3,0,0,0,0,0,0,0.0,-1075,0,4.9,0,0.0
Luke Freeman,322,4,0,0,0,0,0,0,0.0,-1458,0,4.9,0,0.0
Luke Freeman,322,5,0,0,0,0,0,0,0.0,-1565,0,4.9,0,0.0
Luke Harris,683,3,0,0,0,0,0,0,0.0,37,0,4.5,0,0.0
Luke Harris,683,4,0,0,0,74,0,0,0.0,812,0,4.5,2,0.0
Luke Harris,683,5,0,0,0,74,0,0,0.0,1704,0,4.5,2,0.0
Mads Bidstrup,94,1,0,0,0,0,0,0,0.0,-40,0,4.5,0,0.0
Mads Bidstrup,94,2,0,0,0,0,0,0,0.0,-81,0,4.5,0,0.0
Mads Bidstrup,94,3,0,0,0,0,0,0,0.0,-94,0,4.5,0,0.0
Mads Bidstrup,94,4,0,0,0,0,0,0,0.0,-106,0,4.5,0,0.0
Mads Bidstrup,94,5,0,0,0,0,0,0,0.0,-109,0,4.5,0,0.0
Mahmoud Dahoud,128,1,0,0,0,73,0,0,0.2,452,0,5.0,3,0.0
Mahmoud Dahoud,128,2,0,0,0,82,0,0,0.1,-1892,0,5.0,4,0.0
Mahmoud Dahoud,128,3,0,0,0,82,0,0,0.1,-3900,0,4.9,4,0.0
Mahmoud Dahoud,128,4,0,0,0,95,0,0,0.1,-6205,1,4.9,4,0.08333333333333348
Mahmoud Dahoud,128,5,0,0,0,171,0,0,0.1,-6821,1,4.8,6,0.20000000000000018
Malcolm Ebiowei,224,1,0,0,0,0,0,0,0.1,-248,0,4.5,0,0.0
Malcolm Ebiowei,224,2,0,0,0,0,0,0,0.0,-1738,0,4.5,0,0.0
Malcolm Ebiowei,224,3,0,0,0,0,0,0,0.0,-2331,0,4.5,0,0.0
Malcolm Ebiowei,224,4,0,0,0,0,0,0,0.0,-2929,0,4.5,0,0.0
Malcolm Ebiowei,224,5,0,0,0,0,0,0,0.0,-3116,0,4.5,0,0.0
Manor Solomon,583,1,0,0,0,0,0,0,0.1,-1367,0,5.5,0,0.0
Manor Solomon,583,2,0,0,0,2,0,0,0.1,-3696,0,5.4,1,0.0
Manor Solomon,583,3,0,0,0,2,0,0,0.1,-4918,0,5.4,1,0.0
Manor Solomon,583,4,2,2,0,69,0,0,0.2,-523,0,5.3,11,2.5833333333333335
Manor Solomon,583,5,2,2,0,148,0,0,0.2,4391,1,5.3,12,0.666666666666667
Manuel Benson Hedilazio,159,1,0,0,0,16,0,0,0.2,-1639,0,5.5,1,0.0
Manuel Benson Hedilazio,159,2,0,0,0,16,0,0,0.2,-4497,0,5.4,1,0.0
Manuel Benson Hedilazio,159,3,0,0,0,61,0,0,0.1,-5779,0,5.4,2,0.0
Manuel Benson Hedilazio,159,4,0,0,0,61,0,0,0.1,-7808,0,5.3,2,0.16666666666666674
Manuel Benson Hedilazio,159,5,0,0,0,61,0,0,0.1,-8854,0,5.3,2,-0.06666666666666665
Marcus Oliveira Alencar,11,1,0,0,0,0,0,0,0.2,-2230,0,4.5,0,0.0
Marcus Oliveira Alencar,11,2,0,0,0,0,0,0,0.1,-6582,0,4.5,0,0.0
Marcus Oliveira Alencar,11,3,0,0,0,0,0,0,0.1,-7797,0,4.5,0,0.0
Marcus Oliveira Alencar,11,4,0,0,0,0,0,0,0.1,-9014,0,4.5,0,0.0
Marcus Oliveira Alencar,11,5,0,0,0,0,0,0,0.1,-9435,0,4.5,0,0.0
Marcus Rashford,396,1,0,0,0,87,0,0,49.8,31081,0,9.0,3,0.0
Marcus Rashford,396,2,0,0,0,171,0,0,43.7,-366480,0,9.0,5,0.0
Marcus Rashford,396,3,2,0,0,261,0,0,40.5,-630274,1,9.0,12,0.0
Marcus Rashford,396,4,2,0,1,351,0,0,35.7,-1046080,1,8.9,19,3.083333333333333
Marcus Rashford,396,5,2,0,1,441,0,0,33.6,-1245019,1,8.9,21,0.0
Marcus Tavernier,86,1,0,0,0,0,0,0,0.0,-528,0,5.5,0,0.0
Marcus Tavernier,86,2,0,0,0,0,0,0,0.0,-1028,0,5.4,0,0.0
Marcus Tavernier,86,3,0,0,0,0,0,0,0.0,-1224,0,5.4,0,0.0
Marcus Tavernier,86,4,1,0,0,19,0,0,0.0,-1227,0,5.4,4,1.0
Marcus Tavernier,86,5,1,0,0,91,0,0,0.0,-1093,0,5.4,7,0.8666666666666669
Mario Lemina,565,1,0,0,0,90,0,0,0.0,71,1,5.0,1,0.0
Mario Lemina,565,2,0,0,0,180,0,0,0.0,-5,1,5.0,3,0.0
Mario Lemina,565,3,0,0,0,270,0,0,0.0,-215,2,5.0,5,0.0
Mario Lemina,565,4,0,0,0,360,0,0,0.0,-621,2,5.0,7,1.0
Mario Lemina,565,5,0,0,0,437,0,0,0.0,-625,2,5.0,9,0.0
Martin Ødegaard,14,1,0,0,0,90,0,0,23.3,-47119,0,8.5,2,0.0
Martin Ødegaard,14,2,0,3,1,179,0,0,23.2,-55491,0,8.5,13,0.0
Martin Ødegaard,14,3,0,3,1,262,0,0,22.7,-103399,0,8.5,15,0.0
Martin Ødegaard,14,4,0,3,2,352,0,0,21.3,-243921,0,8.5,22,3.0
Martin Ødegaard,14,5,0,3,2,442,0,0,21.3,-247469,0,8.5,25,-1.2666666666666675
Marvelous Nakamba,52,1,0,0,0,90,0,0,1.4,-47,0,4.5,2,0.0
Marvelous Nakamba,52,2,0,0,0,90,0,0,1.2,-10690,0,4.5,2,0.0
Marvelous Nakamba,52,3,0,0,0,180,0,0,1.1,-19817,1,4.5,3,0.0
Marvelous Nakamba,52,4,0,0,0,270,0,0,1.0,-26551,2,4.4,4,0.4166666666666665
Marvelous Nakamba,52,5,0,0,0,360,0,0,1.1,-22463,2,4.4,6,0.3999999999999999
Mason Mount,209,1,0,0,0,67,0,0,3.6,-13444,0,7.0,3,0.0
Mason Mount,209,2,0,0,0,151,0,0,2.5,-99645,0,6.9,5,0.0
Mason Mount,209,3,0,0,0,151,0,0,1.6,-178864,0,6.9,5,0.0
Mason Mount,209,4,0,0,0,151,0,0,1.2,-222404,0,6.8,5,0.16666666666666696
Mason Mount,209,5,0,0,0,151,0,0,1.0,-233764,0,6.8,5,-0.40000000000000036
Mateo Kovačić,356,1,0,0,0,67,0,0,1.1,-1633,0,5.0,3,0.0
Mateo Kovačić,356,2,0,0,0,157,0,0,1.1,-6836,0,5.0,6,0.0
Mateo Kovačić,356,3,0,0,0,242,0,0,1.0,-12981,0,5.0,8,0.0
Mateo Kovačić,356,4,0,0,0,325,0,0,0.9,-23037,0,4.9,10,1.083333333333333
Mateo Kovačić,356,5,0,0,0,325,0,0,0.7,-43443,0,4.9,10,-0.5999999999999996
Matheus França de Oliveira,615,1,0,0,0,0,0,0,0.0,-115,0,5.0,0,0.0
Matheus França de Oliveira,615,2,0,0,0,0,0,0,0.0,-281,0,5.0,0,0.0
Matheus França de Oliveira,615,3,0,0,0,0,0,0,0.0,-369,0,5.0,0,0.0
Matheus França de Oliveira,615,4,0,0,0,0,0,0,0.0,-483,0,5.0,0,0.0
Matheus França de Oliveira,615,5,0,0,0,0,0,0,0.0,-525,0,4.9,0,0.0
Matheus Luiz Nunes,566,1,0,0,0,90,0,0,0.2,266,0,5.0,2,0.0
Matheus Luiz Nunes,566,2,0,0,0,180,0,0,0.2,-4661,0,5.0,1,0.0
Matheus Luiz Nunes,566,3,0,0,0,180,0,0,0.2,-7549,0,5.0,1,0.0
Matheus Luiz Nunes,566,4,0,0,0,180,0,0,0.1,-8897,0,5.0,1,-0.08333333333333326
Matheus Luiz Nunes,566,5,0,0,0,203,0,0,0.1,-10075,0,5.0,2,0.3999999999999999
Mathias Jensen,106,1,1,0,0,48,0,0,0.8,-6054,0,5.5,4,0.0
Mathias Jensen,106,2,1,0,0,138,0,0,0.7,-15625,0,5.4,7,0.0
Mathias Jensen,106,3,1,0,0,209,0,0,0.7,-18524,0,5.4,10,0.0
Mathias Jensen,106,4,1,3,1,289,0,0,0.7,-17392,1,5.4,19,3.0
Mathias Jensen,106,5,1,3,1,379,0,0,0.7,-15201,1,5.4,21,0.1999999999999993
Matt Ritchie,425,1,0,0,0,0,0,0,0.2,-870,0,4.5,0,0.0
Matt Ritchie,425,2,0,0,0,0,0,0,0.2,-3025,0,4.5,0,0.0
Matt Ritchie,425,3,0,0,0,0,0,0,0.2,-2683,0,4.4,0,0.0
Matt Ritchie,425,4,0,0,0,0,0,0,0.2,-3148,0,4.4,0,0.0
Matt Ritchie,425,5,0,0,0,0,0,0,0.2,-3164,0,4.4,0,0.0
Matthew Dibley-Dias,652,1,0,0,0,0,0,0,0.0,51,0,4.5,0,0.0
Matthew Dibley-Dias,652,2,0,0,0,0,0,0,0.0,110,0,4.5,0,0.0
Matthew Dibley-Dias,652,3,0,0,0,0,0,0,0.0,121,0,4.5,0,0.0
Matthew Dibley-Dias,652,4,0,0,0,0,0,0,0.0,184,0,4.5,0,0.0
Matthew Dibley-Dias,652,5,0,0,0,0,0,0,0.0,268,0,4.5,0,0.0
Maxwel Cornet,527,1,0,0,0,1,0,0,0.1,-563,0,5.5,1,0.0
Maxwel Cornet,527,2,0,0,0,1,0,0,0.1,-1656,0,5.4,1,0.0
Maxwel Cornet,527,3,0,0,0,1,0,0,0.1,-2162,0,5.4,1,0.0
Maxwel Cornet,527,4,0,0,0,1,0,0,0.1,-2885,0,5.4,1,0.0
Maxwel Cornet,527,5,0,0,0,1,0,0,0.1,-3239,0,5.3,1,0.0
Michael Olakigbe,620,4,0,0,0,8,0,0,0.0,-100,0,4.5,1,0.0
Michael Olakigbe,620,5,0,0,0,8,0,0,0.0,49,0,4.5,1,0.0
Michael Olise,236,1,0,0,0,0,0,0,0.1,-2636,0,6.0,0,0.0
Michael Olise,236,2,0,0,0,0,0,0,0.1,-5421,0,5.9,0,0.0
Michael Olise,236,3,0,0,0,0,0,0,0.1,-6635,0,5.9,0,0.0
Michael Olise,236,4,0,0,0,0,0,0,0.1,-7955,0,5.9,0,0.0
Michael Olise,236,5,0,0,0,0,0,0,0.1,-8431,0,5.9,0,0.0
Michale Olakigbe,620,1,0,0,0,0,0,0,0.0,17,0,4.5,0,0.0
Michale Olakigbe,620,2,0,0,0,0,0,0,0.0,-81,0,4.5,0,0.0
Michale Olakigbe,620,3,0,0,0,0,0,0,0.0,-160,0,4.5,0,0.0
Miguel Almirón Rejala,402,1,0,0,0,85,0,0,7.7,-42085,0,6.5,2,0.0
Miguel Almirón Rejala,402,2,0,0,0,170,0,0,6.3,-144056,0,6.4,4,0.0
Miguel Almirón Rejala,402,3,0,0,0,260,0,0,5.7,-195871,0,6.4,6,0.0
Miguel Almirón Rejala,402,4,0,0,0,317,0,0,4.9,-264029,0,6.3,7,0.75
Miguel Almirón Rejala,402,5,0,0,0,324,0,0,4.6,-298768,0,6.3,8,-0.2666666666666666
Mike Trésor,706,4,0,0,0,0,0,0,0.0,73,0,5.5,0,0.0
Mike Trésor,706,5,0,0,0,14,0,0,0.0,216,0,5.5,1,0.0
Mikkel Damsgaard,98,1,0,0,0,41,0,0,0.1,-323,0,5.0,1,0.0
Mikkel Damsgaard,98,2,0,0,0,52,0,0,0.1,-1899,0,5.0,2,0.0
Mikkel Damsgaard,98,3,0,0,0,52,0,0,0.1,-3254,0,4.9,2,0.0
Mikkel Damsgaard,98,4,0,0,0,52,0,0,0.1,-5569,0,4.9,2,0.08333333333333326
Mikkel Damsgaard,98,5,0,0,0,52,0,0,0.1,-6444,0,4.9,2,-0.19999999999999996
Mohamed Elneny,3,1,0,0,0,0,0,0,0.1,-2471,0,4.5,0,0.0
Mohamed Elneny,3,2,0,0,0,0,0,0,0.1,-2723,0,4.4,0,0.0
Mohamed Elneny,3,3,0,0,0,0,0,0,0.1,-3846,0,4.4,0,0.0
Mohamed Elneny,3,4,0,0,0,0,0,0,0.1,-5000,0,4.4,0,0.0
Mohamed Elneny,3,5,0,0,0,0,0,0,0.1,-5466,0,4.4,0,0.0
Mohamed Salah,308,1,1,0,0,76,0,0,28.9,70324,0,12.5,5,0.0
Mohamed Salah,308,2,1,0,1,161,0,0,28.7,49506,0,12.5,10,0.0
Mohamed Salah,308,3,2,0,1,251,0,0,26.8,-118746,0,12.5,15,0.0
Mohamed Salah,308,4,2,0,2,341,0,0,25.8,-208075,0,12.5,23,3.25
Mohamed Salah,308,5,4,2,2,431,0,0,27.1,-93728,0,12.5,33,1.1999999999999993
Mohammed Kudus,689,4,0,0,0,1,0,0,0.2,19711,0,6.5,1,0.0
Mohammed Kudus,689,5,0,0,0,24,0,0,0.2,18515,0,6.5,2,0.0
Moisés Caicedo Corozo,126,1,0,0,0,0,0,0,3.2,-12773,0,5.0,0,0.0
Moisés Caicedo Corozo,126,2,0,0,0,29,0,0,3.0,-34208,0,5.0,1,0.0
Moisés Caicedo Corozo,126,3,0,0,0,119,0,0,2.8,-55440,0,5.0,4,0.0
Moisés Caicedo Corozo,126,4,0,0,0,195,0,0,2.3,-93088,0,4.9,6,1.0833333333333333
Moisés Caicedo Corozo,126,5,0,0,0,195,0,0,2.1,-118945,0,4.9,6,-0.2666666666666666
Morgan Gibbs-White,447,1,0,0,0,90,0,0,2.5,-4347,0,6.0,2,0.0
Morgan Gibbs-White,447,2,0,0,0,180,0,0,2.2,-24866,0,6.0,4,0.0
Morgan Gibbs-White,447,3,2,1,0,270,0,0,2.0,-42984,1,6.0,12,0.0
Morgan Gibbs-White,447,4,2,1,0,360,0,0,1.9,-54145,1,5.9,15,2.25
Morgan Gibbs-White,447,5,2,1,0,450,0,0,1.9,-55398,1,5.9,17,-0.3333333333333339
Morgan Sanson,56,1,0,0,0,0,0,0,0.0,-187,0,4.5,0,0.0
Morgan Sanson,56,2,0,0,0,0,0,0,0.0,-354,0,4.5,0,0.0
Morgan Sanson,56,3,0,0,0,0,0,0,0.0,-407,0,4.5,0,0.0
Morgan Sanson,56,4,0,0,0,0,0,0,0.0,-459,0,4.5,0,0.0
Morgan Sanson,56,5,0,0,0,0,0,0,0.0,-485,0,4.5,0,0.0
Moussa Diaby,599,1,0,0,1,86,0,0,7.5,83987,0,6.5,7,0.0
Moussa Diaby,599,2,0,0,1,149,0,0,8.9,195076,0,6.6,10,0.0
Moussa Diaby,599,3,1,2,2,221,0,0,9.0,209626,0,6.6,22,0.0
Moussa Diaby,599,4,1,2,2,311,0,0,9.5,247718,0,6.6,24,2.75
Moussa Diaby,599,5,2,2,2,401,0,0,10.3,330751,0,6.6,29,-0.26666666666666927
Mykhailo Mudryk,210,1,0,0,0,9,0,0,2.8,-18614,0,6.5,1,0.0
Mykhailo Mudryk,210,2,0,0,0,54,0,0,2.1,-78974,0,6.4,2,0.0
Mykhailo Mudryk,210,3,0,0,0,54,0,0,1.3,-154851,0,6.4,2,0.0
Mykhailo Mudryk,210,4,0,0,0,67,0,0,0.9,-187170,0,6.4,3,0.33333333333333326
Mykhailo Mudryk,210,5,0,0,0,129,0,0,0.8,-194817,1,6.4,5,0.2666666666666666
Máximo Perrone,363,1,0,0,0,0,0,0,0.0,-191,0,4.5,0,0.0
Máximo Perrone,363,2,0,0,0,0,0,0,0.0,-517,0,4.5,0,0.0
Máximo Perrone,363,3,0,0,0,0,0,0,0.0,-916,0,4.4,0,0.0
Máximo Perrone,363,4,0,0,0,0,0,0,0.0,-1360,0,4.4,0,0.0
Máximo Perrone,363,5,0,0,0,0,0,0,0.0,-1495,0,4.4,0,0.0
Naouirou Ahamada,219,1,0,0,0,0,0,0,0.3,-764,0,4.5,0,0.0
Naouirou Ahamada,219,2,0,0,0,16,0,0,0.2,-3404,0,4.5,1,0.0
Naouirou Ahamada,219,3,0,0,0,35,0,0,0.2,-4993,0,4.5,2,0.0
Naouirou Ahamada,219,4,0,0,0,35,0,0,0.2,-6379,0,4.4,2,0.25
Naouirou Ahamada,219,5,0,0,0,36,0,0,0.2,-6879,0,4.4,3,-0.06666666666666665
Nathan Redmond,600,1,0,0,0,1,0,0,0.1,-427,0,5.0,1,0.0
Nathan Redmond,600,2,0,0,0,1,0,0,0.0,-1446,0,4.9,1,0.0
Nathan Redmond,600,3,0,0,0,23,0,0,0.0,-1837,0,4.9,2,0.0
Nathan Redmond,600,4,0,0,0,53,0,0,0.0,-2335,0,4.9,3,0.41666666666666674
Nathan Redmond,600,5,0,0,0,53,0,0,0.0,-2548,0,4.8,3,0.0
Nicolas Pépé,16,1,0,0,0,0,0,0,0.1,-723,0,5.0,0,0.0
Nicolas Pépé,16,2,0,0,0,0,0,0,0.1,-1840,0,4.9,0,0.0
Nicolas Pépé,16,3,0,0,0,0,0,0,0.1,-2383,0,4.9,0,0.0
Nicolas Pépé,16,4,0,0,0,0,0,0,0.1,-3057,0,4.9,0,0.0
Nicolas Pépé,16,5,0,0,0,0,0,0,0.1,-4032,0,4.9,0,0.0
Nicolás Domínguez,712,4,0,0,0,0,0,0,0.0,15,0,5.0,0,0.0
Nicolás Domínguez,712,5,0,0,0,0,0,0,0.0,69,0,5.0,0,0.0
Nicolò Zaniolo,672,2,0,0,0,0,0,0,0.0,460,0,5.5,0,0.0
Nicolò Zaniolo,672,3,0,0,0,17,0,0,0.0,1372,0,5.5,1,0.0
Nicolò Zaniolo,672,4,0,0,0,42,0,0,0.0,1765,0,5.5,2,0.0
Nicolò Zaniolo,672,5,0,0,0,98,0,0,0.0,2008,1,5.5,2,0.25
Nikola Vlašić,543,1,0,0,0,0,0,0,0.2,-4185,0,4.5,0,0.0
Nikola Vlašić,543,2,0,0,0,0,0,0,0.1,-7806,0,4.5,0,0.0
Nikola Vlašić,543,3,0,0,0,0,0,0,0.1,-9098,0,4.5,0,0.0
Nikola Vlašić,543,4,0,0,0,0,0,0,0.1,-10507,0,4.5,0,0.0
Nikola Vlašić,543,5,0,0,0,0,0,0,0.1,-11071,0,4.5,0,0.0
Noni Madueke,208,1,0,0,0,0,0,0,0.1,-1074,0,5.5,0,0.0
Noni Madueke,208,2,0,0,0,15,0,0,0.1,-1558,0,5.5,1,0.0
Noni Madueke,208,3,0,0,0,15,0,0,0.1,-1900,0,5.5,1,0.0
Noni Madueke,208,4,0,0,0,43,0,0,0.1,-3043,0,5.4,2,0.33333333333333337
Noni Madueke,208,5,0,0,0,43,0,0,0.1,-3714,0,5.4,2,-0.1333333333333333
Oliver Norwood,488,1,0,0,0,90,0,0,0.0,36,0,5.0,2,0.0
Oliver Norwood,488,2,0,0,0,180,0,0,0.0,-37,1,5.0,3,0.0
Oliver Norwood,488,3,0,0,0,259,0,0,0.0,-360,1,5.0,5,0.0
Oliver Norwood,488,4,0,0,0,349,0,0,0.0,-25,1,5.0,7,0.9166666666666665
Oliver Norwood,488,5,0,0,0,369,0,0,0.0,-696,1,4.9,8,0.0
Oliver Skipp,515,1,0,0,0,74,0,0,0.2,-1369,1,5.0,1,0.0
Oliver Skipp,515,2,0,0,0,74,0,0,0.2,-6268,1,4.9,1,0.0
Oliver Skipp,515,3,0,0,0,91,0,0,0.1,-8689,1,4.9,2,0.0
Oliver Skipp,515,4,0,0,0,95,0,0,0.1,-10852,1,4.8,3,0.41666666666666674
Oliver Skipp,515,5,0,0,0,95,0,0,0.1,-12105,1,4.7,3,0.0
Omari Forson,632,1,0,0,0,0,0,0,0.0,14,0,4.5,0,0.0
Omari Forson,632,2,0,0,0,0,0,0,0.0,-154,0,4.5,0,0.0
Omari Forson,632,3,0,0,0,0,0,0,0.0,-227,0,4.5,0,0.0
Omari Forson,632,4,0,0,0,0,0,0,0.0,-267,0,4.5,0,0.0
Omari Forson,632,5,0,0,0,0,0,0,0.0,-288,0,4.5,0,0.0
Omari Kellyman,618,1,0,0,0,0,0,0,0.0,93,0,4.5,0,0.0
Omari Kellyman,618,2,0,0,0,0,0,0,0.0,-172,0,4.5,0,0.0
Omari Kellyman,618,3,0,0,0,0,0,0,0.0,-384,0,4.5,0,0.0
Omari Kellyman,618,4,0,0,0,0,0,0,0.0,-296,0,4.5,0,0.0
Omari Kellyman,618,5,0,0,0,0,0,0,0.0,-149,0,4.5,0,0.0
Orel Mangala,453,1,0,0,0,89,0,0,0.0,-91,1,5.0,1,0.0
Orel Mangala,453,2,0,0,0,157,0,0,0.0,-332,1,5.0,3,0.0
Orel Mangala,453,3,0,0,0,157,0,0,0.0,-585,1,5.0,3,0.0
Orel Mangala,453,4,0,0,0,228,0,0,0.0,-866,1,5.0,6,0.9166666666666665
Orel Mangala,453,5,0,0,0,298,0,0,0.0,-789,2,5.0,7,0.0
Oscar Bobb,345,1,0,0,0,0,0,0,0.0,-154,0,4.5,0,0.0
Oscar Bobb,345,2,0,0,0,0,0,0,0.0,-534,0,4.5,0,0.0
Oscar Bobb,345,3,0,0,0,0,0,0,0.0,-694,0,4.4,0,0.0
Oscar Bobb,345,4,0,0,0,1,0,0,0.0,-756,0,4.4,1,0.25
Oscar Bobb,345,5,0,0,0,2,0,0,0.0,-632,0,4.4,2,0.26666666666666666
Pablo Fornals Malla,534,1,0,0,0,85,0,0,0.1,-364,0,5.0,2,0.0
Pablo Fornals Malla,534,2,0,0,0,99,0,0,0.1,-1742,0,5.0,3,0.0
Pablo Fornals Malla,534,3,0,0,0,105,0,0,0.1,-2534,0,4.9,4,0.0
Pablo Fornals Malla,534,4,0,0,0,124,0,0,0.1,-3481,0,4.9,5,0.5
Pablo Fornals Malla,534,5,0,0,0,124,0,0,0.1,-4069,0,4.8,5,-0.20000000000000018
Pablo Sarabia,570,1,0,0,0,62,0,0,0.1,946,0,5.0,3,0.0
Pablo Sarabia,570,2,1,0,0,97,0,0,0.2,5824,0,5.0,7,0.0
Pablo Sarabia,570,3,1,0,0,113,0,0,0.2,5120,0,5.0,8,0.0
Pablo Sarabia,570,4,1,0,0,172,0,0,0.2,2459,0,5.0,9,0.75
Pablo Sarabia,570,5,1,0,0,172,0,0,0.2,470,0,5.0,9,-0.7999999999999998
Pape Matar Sarr,513,1,0,0,0,15,0,0,1.0,-1922,0,4.5,1,0.0
Pape Matar Sarr,513,2,0,2,1,90,0,0,1.9,68205,0,4.5,11,0.0
Pape Matar Sarr,513,3,1,2,1,148,0,0,2.8,147076,0,4.5,15,0.0
Pape Matar Sarr,513,4,1,2,1,215,0,0,3.3,198721,1,4.5,16,1.75
Pape Matar Sarr,513,5,1,2,1,294,0,0,3.4,211317,1,4.6,18,-1.8000000000000007
Pascal Groß,134,1,0,0,0,90,0,0,4.1,-23786,0,6.5,2,0.0
Pascal Groß,134,2,0,0,0,170,0,0,2.9,-112746,1,6.4,3,0.0
Pascal Groß,134,3,0,3,1,260,0,0,2.6,-143211,1,6.4,13,0.0
Pascal Groß,134,4,0,3,1,348,0,0,2.3,-166156,1,6.4,16,2.5
Pascal Groß,134,5,0,6,2,438,0,0,2.8,-129419,1,6.3,26,1.333333333333334
Pedro Lomba Neto,567,1,0,0,0,90,0,0,0.2,1752,1,5.5,1,0.0
Pedro Lomba Neto,567,2,0,0,0,180,0,0,0.3,3830,1,5.5,3,0.0
Pedro Lomba Neto,567,3,1,1,0,270,0,0,0.3,3248,1,5.5,10,0.0
Pedro Lomba Neto,567,4,3,3,0,360,0,0,0.3,8630,1,5.5,20,3.833333333333333
Pedro Lomba Neto,567,5,4,3,0,450,0,0,1.1,75863,1,5.5,25,0.8000000000000007
Pelly Ruddock Mpanzu,582,1,0,0,0,87,0,0,0.1,-306,0,5.0,2,0.0
Pelly Ruddock Mpanzu,582,2,0,0,0,87,0,0,0.1,-987,0,5.0,2,0.0
Pelly Ruddock Mpanzu,582,3,0,0,0,100,0,0,0.1,-1310,0,5.0,3,0.0
Pelly Ruddock Mpanzu,582,4,0,0,0,119,0,0,0.0,-1903,0,4.9,4,0.4166666666666665
Pelly Ruddock Mpanzu,582,5,0,0,0,134,0,0,0.0,-2177,0,4.9,5,0.20000000000000018
Phil Foden,353,1,0,0,0,90,0,0,8.6,-7171,0,7.5,3,0.0
Phil Foden,353,2,1,3,0,180,0,0,12.2,292784,0,7.6,12,0.0
Phil Foden,353,3,2,3,0,184,0,0,14.0,459642,0,7.6,16,0.0
Phil Foden,353,4,3,3,0,273,0,0,13.7,445484,0,7.6,21,2.666666666666666
Phil Foden,353,5,3,3,0,339,0,0,13.0,372848,0,7.6,23,-1.3333333333333321
Philip Billing,63,1,0,0,0,90,0,0,0.8,-4324,0,5.5,2,0.0
Philip Billing,63,2,0,0,0,180,0,0,0.6,-15360,0,5.4,4,0.0
Philip Billing,63,3,0,0,0,265,0,0,0.6,-20449,0,5.4,6,0.0
Philip Billing,63,4,0,0,0,355,0,0,0.5,-27503,0,5.3,8,1.0
Philip Billing,63,5,0,0,0,445,0,0,0.4,-32471,0,5.3,11,0.20000000000000018
Philippe Coutinho Correia,38,1,0,0,0,3,0,0,0.6,-3129,0,6.0,1,0.0
Philippe Coutinho Correia,38,2,0,0,0,24,0,0,0.5,-16641,0,5.9,2,0.0
Philippe Coutinho Correia,38,3,0,0,0,24,0,0,0.4,-25414,0,5.9,2,0.0
Philippe Coutinho Correia,38,4,0,0,0,24,0,0,0.3,-33573,0,5.8,2,0.08333333333333326
Philippe Coutinho Correia,38,5,0,0,0,24,0,0,0.2,-36803,0,5.8,2,-0.19999999999999996
Pierre-Emile Højbjerg,499,1,0,0,0,0,0,0,0.6,-5784,0,5.5,0,0.0
Pierre-Emile Højbjerg,499,2,0,0,0,14,0,0,0.4,-15662,0,5.4,1,0.0
Pierre-Emile Højbjerg,499,3,0,0,0,44,0,0,0.4,-19957,0,5.4,2,0.0
Pierre-Emile Højbjerg,499,4,0,0,0,66,0,0,0.3,-25963,1,5.3,2,0.25
Pierre-Emile Højbjerg,499,5,0,0,0,67,0,0,0.3,-28132,1,5.3,3,-0.06666666666666665
Raheem Sterling,216,1,0,0,0,80,0,0,1.9,2350,0,7.0,2,0.0
Raheem Sterling,216,2,0,0,0,170,0,0,2.6,53617,0,7.0,4,0.0
Raheem Sterling,216,3,1,3,2,260,0,0,9.5,649254,0,7.1,23,0.0
Raheem Sterling,216,4,1,3,2,350,0,0,16.4,1310922,0,7.2,25,3.833333333333334
Raheem Sterling,216,5,1,3,2,440,0,0,15.8,1256738,1,7.2,27,-1.1333333333333329
Reiss Nelson,578,1,0,0,0,0,0,0,0.0,-158,0,5.0,0,0.0
Reiss Nelson,578,2,0,0,0,0,0,0,0.0,-536,0,5.0,0,0.0
Reiss Nelson,578,3,0,0,0,0,0,0,0.0,-706,0,4.9,0,0.0
Reiss Nelson,578,4,0,0,0,1,0,0,0.0,-918,0,4.9,1,0.25
Reiss Nelson,578,5,0,0,0,1,0,0,0.0,-912,0,4.9,1,0.06666666666666671
Remo Freuler,446,1,0,0,0,0,0,0,0.0,-210,0,5.0,0,0.0
Remo Freuler,446,2,0,0,0,0,0,0,0.0,-610,0,4.9,0,0.0
Remo Freuler,446,3,0,0,0,0,0,0,0.0,-790,0,4.9,0,0.0
Remo Freuler,446,4,0,0,0,0,0,0,0.0,-1150,0,4.9,0,0.0
Remo Freuler,446,5,0,0,0,0,0,0,0.0,-1365,0,4.9,0,0.0
Richarlison de Andrade,509,1,0,0,0,90,0,0,4.2,-5349,0,7.0,2,0.0
Richarlison de Andrade,509,2,0,0,0,159,0,0,3.8,-33922,0,7.0,5,0.0
Richarlison de Andrade,509,3,0,0,0,218,0,0,3.1,-97004,1,6.9,5,0.0
Richarlison de Andrade,509,4,0,0,0,236,0,0,2.0,-197582,1,6.8,6,0.5
Richarlison de Andrade,509,5,1,0,1,246,0,0,1.6,-234265,2,6.8,14,1.0666666666666673
Riyad Mahrez,359,1,0,0,0,0,0,0,0.1,-2443,0,7.5,0,0.0
Riyad Mahrez,359,2,0,0,0,0,0,0,0.1,-4062,0,7.5,0,0.0
Riyad Mahrez,359,3,0,0,0,0,0,0,0.1,-4491,0,7.5,0,0.0
Riyad Mahrez,359,4,0,0,0,0,0,0,0.0,-4941,0,7.5,0,0.0
Riyad Mahrez,359,5,0,0,0,0,0,0,0.0,-5079,0,7.5,0,0.0
Rodrigo Bentancur,492,1,0,0,0,0,0,0,0.0,-116,0,5.5,0,0.0
Rodrigo Bentancur,492,2,0,0,0,0,0,0,0.0,-267,0,5.5,0,0.0
Rodrigo Bentancur,492,3,0,0,0,0,0,0,0.0,-323,0,5.5,0,0.0
Rodrigo Bentancur,492,4,0,0,0,0,0,0,0.0,-386,0,5.4,0,0.0
Rodrigo Bentancur,492,5,0,0,0,0,0,0,0.0,-400,0,5.4,0,0.0
Rodrigo Hernandez,365,1,1,2,1,90,0,0,6.4,229687,0,5.6,13,0.0
Rodrigo Hernandez,365,2,1,2,1,180,0,0,10.2,484955,0,5.6,16,0.0
Rodrigo Hernandez,365,3,1,5,2,270,0,0,11.3,579985,0,5.7,26,0.0
Rodrigo Hernandez,365,4,1,5,2,345,0,0,12.6,683193,1,5.7,27,2.166666666666668
Rodrigo Hernandez,365,5,1,5,2,435,0,0,12.3,649508,2,5.7,28,-1.0
Roméo Lavia,667,2,0,0,0,0,0,0,0.0,585,0,5.0,0,0.0
Roméo Lavia,667,3,0,0,0,0,0,0,0.0,252,0,5.0,0,0.0
Roméo Lavia,667,4,0,0,0,0,0,0,0.0,10,0,5.0,0,0.0
Roméo Lavia,667,5,0,0,0,0,0,0,0.0,-73,0,5.0,0,0.0
Ross Barkley,630,1,0,0,0,0,0,0,0.2,-907,0,5.0,0,0.0
Ross Barkley,630,2,0,0,0,0,0,0,0.2,-4004,0,5.0,0,0.0
Ross Barkley,630,3,0,0,0,76,0,0,0.1,-5237,0,5.0,2,0.0
Ross Barkley,630,4,0,0,0,146,0,0,0.1,-6352,0,5.0,4,0.8333333333333334
Ross Barkley,630,5,0,0,0,146,0,0,0.1,-7436,0,5.0,4,0.0
Ryan Christie,65,1,0,0,0,66,0,0,0.0,-37,0,5.0,2,0.0
Ryan Christie,65,2,0,0,0,128,0,0,0.0,-32,0,5.0,4,0.0
Ryan Christie,65,3,0,0,0,187,0,0,0.0,-22,0,5.0,5,0.0
Ryan Christie,65,4,0,0,0,273,0,0,0.0,73,0,5.0,7,0.8333333333333335
Ryan Christie,65,5,0,0,0,361,0,0,0.0,-28,0,5.0,10,0.2666666666666666
Ryan Fraser,410,1,0,0,0,0,0,0,0.1,-414,0,5.0,0,0.0
Ryan Fraser,410,2,0,0,0,0,0,0,0.0,-1167,0,4.9,0,0.0
Ryan Fraser,410,3,0,0,0,0,0,0,0.0,-1548,0,4.9,0,0.0
Ryan Fraser,410,4,0,0,0,0,0,0,0.0,-2763,0,4.9,0,0.0
Ryan Fraser,410,5,0,0,0,0,0,0,0.0,-3108,0,4.9,0,0.0
Ryan Gravenberch,708,4,0,0,0,0,0,0,0.0,642,0,5.0,0,0.0
Ryan Gravenberch,708,5,0,0,0,1,0,0,0.0,2070,0,5.0,1,0.0
Ryan Trevitt,118,1,0,0,0,0,0,0,0.0,-48,0,4.5,0,0.0
Ryan Trevitt,118,2,0,0,0,0,0,0,0.0,-682,0,4.5,0,0.0
Ryan Trevitt,118,3,0,0,0,0,0,0,0.0,-909,0,4.5,0,0.0
Ryan Trevitt,118,4,0,0,0,0,0,0,0.0,-1163,0,4.5,0,0.0
Ryan Trevitt,118,5,0,0,0,0,0,0,0.0,-1258,0,4.5,0,0.0
Ryan Yates,470,1,0,0,0,90,0,0,0.0,-128,0,5.0,2,0.0
Ryan Yates,470,2,0,0,0,111,0,0,0.0,-513,0,5.0,3,0.0
Ryan Yates,470,3,0,0,0,201,0,0,0.0,-802,0,4.9,5,0.0
Ryan Yates,470,4,0,0,0,291,0,0,0.0,-936,1,4.9,7,0.9166666666666665
Ryan Yates,470,5,0,0,0,310,0,0,0.0,-953,1,4.9,8,0.0
Saman Ghoddos,701,4,0,0,0,0,0,0,0.0,58,0,4.5,0,0.0
Saman Ghoddos,701,5,0,0,0,0,0,0,0.0,110,0,4.5,0,0.0
Samuel Bastien,158,1,0,0,0,0,0,0,0.0,-282,0,5.0,0,0.0
Samuel Bastien,158,2,0,0,0,0,0,0,0.0,-777,0,5.0,0,0.0
Samuel Bastien,158,3,0,0,0,0,0,0,0.0,-964,0,4.9,0,0.0
Samuel Bastien,158,4,0,0,0,0,0,0,0.0,-1189,0,4.9,0,0.0
Samuel Bastien,158,5,0,0,0,0,0,0,0.0,-1335,0,4.9,0,0.0
Sander Berge,475,1,0,0,0,90,0,0,0.2,-338,0,5.0,2,0.0
Sander Berge,475,2,0,0,0,90,0,0,0.2,-2474,0,5.0,2,0.0
Sander Berge,475,3,0,0,0,157,0,0,0.1,-3596,1,5.0,3,0.0
Sander Berge,475,4,0,0,0,202,0,0,0.1,-5240,1,4.9,4,0.4166666666666665
Sander Berge,475,5,0,0,0,228,0,0,0.1,-6132,1,4.9,5,0.20000000000000018
Sandro Tonali,429,1,0,0,1,90,0,0,2.8,55885,1,5.5,6,0.0
Sandro Tonali,429,2,0,0,1,156,0,0,3.5,84168,2,5.5,7,0.0
Sandro Tonali,429,3,0,0,1,227,0,0,3.4,71370,2,5.5,10,0.0
Sandro Tonali,429,4,0,0,1,284,0,0,3.1,39151,2,5.5,11,0.833333333333333
Sandro Tonali,429,5,0,0,1,284,0,0,2.6,-8277,2,5.5,11,-0.3333333333333339
Saïd Benrahma,525,1,0,0,0,90,0,0,0.9,-4012,0,6.0,2,0.0
Saïd Benrahma,525,2,0,0,0,158,0,0,0.8,-15837,0,6.0,4,0.0
Saïd Benrahma,525,3,1,0,0,209,0,0,0.7,-20484,0,5.9,8,0.0
Saïd Benrahma,525,4,1,0,0,279,0,0,0.7,-24968,0,5.9,11,1.583333333333333
Saïd Benrahma,525,5,1,0,0,301,0,0,0.6,-32214,0,5.8,12,-0.2666666666666666
Saša Lukić,276,1,0,0,0,90,0,0,0.6,12999,0,4.5,3,0.0
Saša Lukić,276,2,0,0,0,180,0,0,0.7,23581,0,4.5,5,0.0
Saša Lukić,276,3,0,0,0,250,0,0,0.7,19578,1,4.5,6,0.0
Saša Lukić,276,4,0,0,0,250,0,0,0.5,4450,1,4.5,6,0.33333333333333304
Saša Lukić,276,5,0,0,0,250,0,0,0.4,-3287,1,4.5,6,-0.4666666666666668
Scott McTominay,392,1,0,0,0,2,0,0,0.1,-358,0,5.0,1,0.0
Scott McTominay,392,2,0,0,0,2,0,0,0.1,-1438,0,4.9,1,0.0
Scott McTominay,392,3,0,0,0,7,0,0,0.1,-1845,0,4.9,2,0.0
Scott McTominay,392,4,0,0,0,7,0,0,0.1,-2483,0,4.9,2,0.16666666666666674
Scott McTominay,392,5,0,0,0,91,0,0,0.1,-2638,0,4.9,4,0.33333333333333326
Scott Twine,180,1,0,0,0,0,0,0,0.0,-399,0,5.0,0,0.0
Scott Twine,180,2,0,0,0,0,0,0,0.0,-1301,0,4.9,0,0.0
Scott Twine,180,3,0,0,0,0,0,0,0.0,-1750,0,4.9,0,0.0
Scott Twine,180,4,0,0,0,0,0,0,0.0,-2104,0,4.9,0,0.0
Scott Twine,180,5,0,0,0,0,0,0,0.0,-2236,0,4.9,0,0.0
Sean Longstaff,421,1,0,0,0,5,0,0,0.2,-1657,0,5.0,1,0.0
Sean Longstaff,421,2,0,0,0,38,0,0,0.2,-4734,0,4.9,2,0.0
Sean Longstaff,421,3,0,0,0,56,0,0,0.2,-6000,0,4.9,3,0.0
Sean Longstaff,421,4,1,0,0,88,0,0,0.2,-7285,0,4.9,7,1.25
Sean Longstaff,421,5,1,0,0,178,0,0,0.2,-7370,0,4.9,10,0.5999999999999996
Sergi Canós Tenés,95,1,0,0,0,0,0,0,0.0,-236,0,5.0,0,0.0
Sergi Canós Tenés,95,2,0,0,0,0,0,0,0.0,-1429,0,5.0,0,0.0
Sergi Canós Tenés,95,3,0,0,0,0,0,0,0.0,-2172,0,5.0,0,0.0
Sergi Canós Tenés,95,4,0,0,0,0,0,0,0.0,-2780,0,5.0,0,0.0
Sergi Canós Tenés,95,5,0,0,0,0,0,0,0.0,-3001,0,5.0,0,0.0
Shandon Baptiste,92,1,0,0,0,18,0,0,3.3,-8720,0,4.5,1,0.0
Shandon Baptiste,92,2,0,0,0,18,0,0,2.7,-48242,0,4.5,1,0.0
Shandon Baptiste,92,3,0,0,0,18,0,0,2.2,-92866,0,4.5,1,0.0
Shandon Baptiste,92,4,0,0,0,18,0,0,1.6,-143250,0,4.4,1,0.0
Shandon Baptiste,92,5,0,0,0,18,0,0,1.4,-165119,0,4.4,1,0.0
Shea Charles,348,1,0,0,0,0,0,0,0.0,-17,0,4.5,0,0.0
Shea Charles,348,2,0,0,0,0,0,0,0.0,-24,0,4.5,0,0.0
Shea Charles,348,3,0,0,0,0,0,0,0.0,-27,0,4.5,0,0.0
Shea Charles,348,4,0,0,0,0,0,0,0.0,-30,0,4.5,0,0.0
Shea Charles,348,5,0,0,0,0,0,0,0.0,-32,0,4.5,0,0.0
Simon Adingra,122,1,0,0,1,16,0,0,0.4,8676,0,5.0,6,0.0
Simon Adingra,122,2,0,0,1,16,0,0,0.4,7974,0,5.0,6,0.0
Simon Adingra,122,3,0,0,1,34,0,0,0.4,2948,0,5.0,7,0.0
Simon Adingra,122,4,0,0,1,35,0,0,0.3,-2867,0,5.0,8,0.41666666666666696
Simon Adingra,122,5,1,0,1,119,0,0,0.3,-3241,0,5.0,13,1.0
Siriki Dembélé,67,1,0,0,0,0,0,0,0.0,-99,0,4.5,0,0.0
Siriki Dembélé,67,2,0,0,0,0,0,0,0.0,-189,0,4.5,0,0.0
Siriki Dembélé,67,3,0,0,0,0,0,0,0.0,-228,0,4.5,0,0.0
Siriki Dembélé,67,4,0,0,0,0,0,0,0.0,-273,0,4.5,0,0.0
Siriki Dembélé,67,5,0,0,0,0,0,0,0.0,-292,0,4.5,0,0.0
Sofyan Amrabat,709,4,0,0,0,0,0,0,0.0,1852,0,5.0,0,0.0
Sofyan Amrabat,709,5,0,0,0,0,0,0,0.0,2348,0,5.0,0,0.0
Solly March,140,1,0,1,1,73,0,0,3.5,48385,0,6.5,9,0.0
Solly March,140,2,0,4,3,163,0,0,9.5,518721,0,6.6,24,0.0
Solly March,140,3,0,4,3,234,0,0,10.8,639610,0,6.6,26,0.0
Solly March,140,4,0,4,3,314,0,0,10.3,586194,0,6.6,29,2.333333333333332
Solly March,140,5,0,4,3,314,0,0,9.0,457959,0,6.6,29,-2.9333333333333336
Son Heung-min,516,1,0,0,0,74,0,0,5.6,1104,0,9.0,2,0.0
Son Heung-min,516,2,0,0,0,164,0,0,5.9,16675,0,9.0,5,0.0
Son Heung-min,516,3,0,0,0,254,0,0,6.0,16400,0,9.0,8,0.0
Son Heung-min,516,4,0,3,3,325,0,0,10.5,393790,0,9.1,28,5.75
Son Heung-min,516,5,0,3,3,404,0,0,15.2,855263,0,9.1,30,0.9333333333333336
Stefan Bajcetic,292,1,0,0,0,0,0,0,0.1,-518,0,5.0,0,0.0
Stefan Bajcetic,292,2,0,0,0,0,0,0,0.0,-1425,0,4.9,0,0.0
Stefan Bajcetic,292,3,0,0,0,0,0,0,0.0,-1815,0,4.9,0,0.0
Stefan Bajcetic,292,4,0,0,0,0,0,0,0.0,-2270,0,4.8,0,0.0
Stefan Bajcetic,292,5,0,0,0,0,0,0,0.0,-2466,0,4.8,0,0.0
Steven Alzate,123,1,0,0,0,0,0,0,0.2,-497,0,4.5,0,0.0
Steven Alzate,123,2,0,0,0,0,0,0,0.1,-2586,0,4.5,0,0.0
Steven Alzate,123,3,0,0,0,0,0,0,0.1,-3050,0,4.4,0,0.0
Steven Alzate,123,4,0,0,0,0,0,0,0.1,-4244,0,4.4,0,0.0
Steven Alzate,123,5,0,0,0,0,0,0,0.1,-6060,0,4.4,0,0.0
Tahith Chong,586,1,0,0,0,87,0,0,0.1,-634,0,5.0,2,0.0
Tahith Chong,586,2,0,0,0,87,0,0,0.1,-2082,0,5.0,2,0.0
Tahith Chong,586,3,0,0,0,163,0,0,0.1,-2505,0,5.0,4,0.0
Tahith Chong,586,4,0,0,0,246,0,0,0.1,-2772,0,5.0,6,0.8333333333333335
Tahith Chong,586,5,0,0,0,320,0,0,0.1,-2783,1,4.9,7,0.20000000000000018
Tanguy Ndombélé Alvaro,505,1,0,0,0,0,0,0,0.5,-2660,0,4.5,0,0.0
Tanguy Ndombélé Alvaro,505,2,0,0,0,0,0,0,0.5,-8392,0,4.4,0,0.0
Tanguy Ndombélé Alvaro,505,3,0,0,0,0,0,0,0.5,-8383,0,4.4,0,0.0
Tanguy Ndombélé Alvaro,505,4,0,0,0,0,0,0,0.4,-13828,0,4.4,0,0.0
Tanguy Ndombélé Alvaro,505,5,0,0,0,0,0,0,0.4,-20725,0,4.4,0,0.0
Thiago Alcántara do Nascimento,310,1,0,0,0,0,0,0,0.3,-2078,0,5.0,0,0.0
Thiago Alcántara do Nascimento,310,2,0,0,0,0,0,0,0.2,-6179,0,4.9,0,0.0
Thiago Alcántara do Nascimento,310,3,0,0,0,0,0,0,0.2,-9660,0,4.9,0,0.0
Thiago Alcántara do Nascimento,310,4,0,0,0,0,0,0,0.1,-13287,0,4.8,0,0.0
Thiago Alcántara do Nascimento,310,5,0,0,0,0,0,0,0.1,-14387,0,4.8,0,0.0
Thomas Partey,15,1,0,0,0,90,0,0,0.4,-1496,0,5.0,2,0.0
Thomas Partey,15,2,0,0,0,180,0,0,0.4,-5561,0,5.0,5,0.0
Thomas Partey,15,3,0,0,0,235,0,0,0.4,-8091,0,4.9,6,0.0
Thomas Partey,15,4,0,0,0,235,0,0,0.3,-14326,0,4.9,6,0.41666666666666696
Thomas Partey,15,5,0,0,0,235,0,0,0.2,-19485,0,4.9,6,-0.666666666666667
Tim Iroegbunam,46,1,0,0,0,0,0,0,0.0,-573,0,4.5,0,0.0
Tim Iroegbunam,46,2,0,0,0,0,0,0,0.0,-1307,0,4.5,0,0.0
Tim Iroegbunam,46,3,0,0,0,0,0,0,0.0,-1590,0,4.4,0,0.0
Tim Iroegbunam,46,4,0,0,0,0,0,0,0.0,-1849,0,4.4,0,0.0
Tim Iroegbunam,46,5,0,0,0,0,0,0,0.0,-1956,0,4.4,0,0.0
Tom Cairney,268,1,0,0,0,57,0,0,0.0,-47,0,5.0,1,0.0
Tom Cairney,268,2,0,0,0,57,0,0,0.0,-166,0,5.0,1,0.0
Tom Cairney,268,3,0,0,0,84,0,0,0.0,-267,0,5.0,2,0.0
Tom Cairney,268,4,0,0,0,99,0,0,0.0,-499,0,4.9,3,0.41666666666666674
Tom Cairney,268,5,0,0,0,108,0,0,0.0,-565,0,4.9,4,0.20000000000000018
Tom Davies,666,2,0,0,0,0,0,0,0.0,35,0,5.0,0,0.0
Tom Davies,666,3,0,0,0,0,0,0,0.0,31,0,5.0,0,0.0
Tom Davies,666,4,0,0,0,0,0,0,0.0,-41,0,5.0,0,0.0
Tom Davies,666,5,0,0,0,9,0,0,0.0,-53,1,5.0,0,0.0
Tommy Doyle,351,1,0,0,0,0,0,0,0.0,-106,0,4.5,0,0.0
Tommy Doyle,351,2,0,0,0,0,0,0,0.0,-367,0,4.5,0,0.0
Tommy Doyle,351,3,0,0,0,0,0,0,0.0,-461,0,4.4,0,0.0
Tommy Doyle,351,4,0,0,0,0,0,0,0.0,-219,0,4.4,0,0.0
Tommy Doyle,351,5,0,0,0,13,0,0,0.0,124,0,4.4,1,0.2
Tomáš Souček,542,1,1,2,0,90,0,0,1.3,10471,0,5.0,7,0.0
Tomáš Souček,542,2,1,2,0,180,0,0,1.4,15165,0,5.0,9,0.0
Tomáš Souček,542,3,1,2,0,218,0,0,1.2,163,0,5.0,10,0.0
Tomáš Souček,542,4,1,2,0,218,0,0,0.8,-38493,0,4.9,10,0.3333333333333339
Tomáš Souček,542,5,1,2,0,304,0,0,0.7,-44724,1,4.9,11,-0.2666666666666657
Tyler Adams,673,2,0,0,0,0,0,0,0.0,80,0,5.0,0,0.0
Tyler Adams,673,3,0,0,0,0,0,0,0.0,92,0,5.0,0,0.0
Tyler Adams,673,4,0,0,0,0,0,0,0.0,75,0,5.0,0,0.0
Tyler Adams,673,5,0,0,0,0,0,0,0.0,64,0,5.0,0,0.0
Tyler Onyango,650,1,0,0,0,0,0,0,0.0,89,0,4.5,0,0.0
Tyler Onyango,650,2,0,0,0,1,0,0,0.0,165,0,4.5,1,0.0
Tyler Onyango,650,3,0,0,0,1,0,0,0.0,149,0,4.5,1,0.0
Tyler Onyango,650,4,0,0,0,1,0,0,0.0,169,0,4.5,1,0.08333333333333337
Tyler Onyango,650,5,0,0,0,1,0,0,0.0,222,0,4.5,1,-0.19999999999999996
Tyrese Francois,272,1,0,0,0,0,0,0,0.0,-144,0,4.5,0,0.0
Tyrese Francois,272,2,0,0,0,0,0,0,0.0,-494,0,4.5,0,0.0
Tyrese Francois,272,3,0,0,0,0,0,0,0.0,-649,0,4.4,0,0.0
Tyrese Francois,272,4,0,0,0,0,0,0,0.0,-774,0,4.4,0,0.0
Tyrese Francois,272,5,0,0,0,0,0,0,0.0,-679,0,4.4,0,0.0
Vini de Souza Costa,638,1,0,0,0,10,0,0,0.0,25,0,5.0,1,0.0
Vini de Souza Costa,638,2,0,0,0,67,0,0,0.0,-49,0,5.0,2,0.0
Vini de Souza Costa,638,3,0,0,0,157,0,0,0.0,-53,1,5.0,3,0.0
Vini de Souza Costa,638,4,0,0,0,247,0,0,0.0,33,1,5.0,5,0.75
Vini de Souza Costa,638,5,0,0,0,337,0,0,0.0,-97,1,5.0,7,0.2666666666666666
Vitaly Janelt,105,1,0,0,0,90,0,0,0.1,-268,0,5.5,2,0.0
Vitaly Janelt,105,2,0,0,0,180,0,0,0.1,-751,0,5.5,5,0.0
Vitaly Janelt,105,3,0,0,0,270,0,0,0.1,-1109,0,5.5,7,0.0
Vitaly Janelt,105,4,0,0,0,340,0,0,0.1,-1831,0,5.4,9,1.083333333333333
Vitaly Janelt,105,5,0,0,0,411,0,0,0.1,-2325,0,5.4,11,-0.20000000000000018
Wataru Endo,668,2,0,0,0,27,0,0,0.0,1667,0,5.5,1,0.0
Wataru Endo,668,3,0,0,0,84,0,0,0.0,2116,0,5.5,2,0.0
Wataru Endo,668,4,0,0,0,87,0,0,0.1,1801,0,5.5,3,0.0
Wataru Endo,668,5,0,0,0,87,0,0,0.1,1658,0,5.5,3,0.25
Will Hughes,229,1,0,0,0,0,0,0,0.0,-118,0,5.0,0,0.0
Will Hughes,229,2,0,0,0,0,0,0,0.0,-259,0,5.0,0,0.0
Will Hughes,229,3,0,0,0,0,0,0,0.0,-309,0,4.9,0,0.0
Will Hughes,229,4,0,0,0,1,0,0,0.0,-330,0,4.9,1,0.25
Will Hughes,229,5,0,0,0,91,0,0,0.0,-316,1,4.9,2,0.26666666666666666
Willian Borges da Silva,591,1,0,0,0,45,0,0,0.6,-5011,1,5.5,0,0.0
Willian Borges da Silva,591,2,0,0,0,67,0,0,0.4,-17286,1,5.4,1,0.0
Willian Borges da Silva,591,3,0,0,0,67,0,0,0.3,-27508,1,5.4,1,0.0
Willian Borges da Silva,591,4,0,0,0,84,0,0,0.3,-34678,1,5.3,2,0.33333333333333337
Willian Borges da Silva,591,5,1,0,0,174,0,0,0.3,-34870,1,5.3,8,1.0666666666666667
Wilson Odobert,660,2,0,0,0,0,0,0,0.0,3,0,5.0,0,0.0
Wilson Odobert,660,3,0,0,0,0,0,0,0.0,-4,0,5.0,0,0.0
Wilson Odobert,660,4,0,0,0,0,0,0,0.0,-13,0,5.0,0,0.0
Wilson Odobert,660,5,0,0,0,0,0,0,0.0,-23,0,5.0,0,0.0
Yasin Ayari,124,1,0,0,0,0,0,0,0.1,-279,0,4.5,0,0.0
Yasin Ayari,124,2,0,0,0,0,0,0,0.1,-1260,0,4.5,0,0.0
Yasin Ayari,124,3,0,0,0,0,0,0,0.0,-2291,0,4.5,0,0.0
Yasin Ayari,124,4,0,0,0,0,0,0,0.0,-3156,0,4.5,0,0.0
Yasin Ayari,124,5,0,0,0,0,0,0,0.0,-3495,0,4.5,0,0.0
Yegor Yarmolyuk,120,1,0,0,0,0,0,0,0.8,-2078,0,4.5,0,0.0
Yegor Yarmolyuk,120,2,0,0,0,0,0,0,0.7,-9800,0,4.5,0,0.0
Yegor Yarmolyuk,120,3,0,0,0,0,0,0,0.7,-15118,0,4.4,0,0.0
Yegor Yarmolyuk,120,4,0,0,0,0,0,0,0.7,-15998,0,4.4,0,0.0
Yegor Yarmolyuk,120,5,0,0,0,0,0,0,0.7,-15365,0,4.4,0,0.0
Youri Tielemans,58,1,0,0,0,45,0,0,1.2,-6945,0,6.0,1,0.0
Youri Tielemans,58,2,0,0,0,72,0,0,0.9,-23595,0,5.9,2,0.0
Youri Tielemans,58,3,0,0,0,76,0,0,0.8,-34631,0,5.9,3,0.0
Youri Tielemans,58,4,0,0,0,94,0,0,0.7,-47835,0,5.8,4,0.5
Youri Tielemans,58,5,0,0,0,126,0,0,0.6,-53333,0,5.8,5,0.0
Yves Bissouma,493,1,0,0,0,90,0,0,0.3,1198,0,5.0,2,0.0
Yves Bissouma,493,2,0,0,0,180,0,0,0.5,17505,0,5.0,5,0.0
Yves Bissouma,493,3,0,0,0,253,0,0,0.6,23717,1,5.0,7,0.0
Yves Bissouma,493,4,0,0,0,343,0,0,0.6,21816,1,5.0,9,1.083333333333333
Yves Bissouma,493,5,0,0,0,433,0,0,0.6,20687,2,5.0,10,-0.40000000000000036
Ângelo Gabriel Borges Damaceno,589,1,0,0,0,0,0,0,0.0,-420,0,5.0,0,0.0
Ângelo Gabriel Borges Damaceno,589,2,0,0,0,0,0,0,0.0,-748,0,5.0,0,0.0
Ângelo Gabriel Borges Damaceno,589,3,0,0,0,0,0,0,0.0,-821,0,5.0,0,0.0
Ângelo Gabriel Borges Damaceno,589,4,0,0,0,0,0,0,0.0,-892,0,5.0,0,0.0
Ângelo Gabriel Borges Damaceno,589,5,0,0,0,0,0,0,0.0,-927,0,5.0,0,0.0
